id,order_number,client_id,items,total_amount,total_cost,amount_paid,status,payment_method,seller_id,delivery_person_id,order_date,estimated_delivery_date,delivered_at,notes,created_at,updated_at,supplier_id,supplier_payment_status,supplier_payment_amount,supplier_payment_method
25ed7f78-1100-464c-931d-163f9fa7e2be,HIST-55139B62,55139b62-3448-442a-bb18-8b9669fae44f,"[{""quantity"": 1, ""unitPrice"": 68000, ""totalPrice"": 68000, ""productName"": ""Saldo histórico libreta""}]",43000.00,0.00,43000.00,pagado,credito,a0000000-0000-0000-0000-000000000001,,"2026-06-18 13:26:38.121+00",,"2026-06-22 05:41:13.726+00","Importado de libreta. Conjunto rosado, ptc regalo Jenny, buso en maya negro, conjunto negro JM tela, mocho cargo azul 6, conjunto amarillo, conjunto rosado, SM conjunto negro corduroy","2026-06-18 13:26:38.495894+00","2026-06-22 05:41:13.727+00",,,,
4a0ad77a-7cf5-4755-a0d1-e4c092462f4c,HIST-71E3D9D6,71e3d9d6-a8a2-4378-b2bd-8b4a53b62fcf,"[{""quantity"": 1, ""unitPrice"": 150000, ""totalPrice"": 150000, ""productName"": ""Saldo histórico libreta""}]",105000.00,0.00,55000.00,pendiente_pago,credito,a0000000-0000-0000-0000-000000000001,,"2026-06-18 13:26:38.12+00",,,"Importado de libreta. Camiseta Colombia x5, camiseta Colombia x2 dama","2026-06-18 13:26:38.495894+00","2026-06-24 21:24:59.414+00",,,,
8b4aa40f-6a9c-428c-889e-e56e7325d732,JAS-016,2c39e07a-4932-4a72-8fcd-0041e6192fc1,"[{""id"": ""item_0"", ""size"": ""L"", ""color"": ""amarilla"", ""category"": ""otro"", ""quantity"": 1, ""costPrice"": 50000, ""productId"": """", ""salePrice"": 75000, ""supplierId"": ""d31c09ad-95b9-42d7-8d70-6a0bd78fce9f"", ""productName"": ""camiseta colombia mujer ""}]",75000.00,50000.00,0.00,pendiente_pago,fiado,a0000000-0000-0000-0000-000000000002,,"2026-06-23 00:00:00+00",,"2026-06-23 12:37:50.907+00","","2026-06-23 02:03:23.524+00","2026-06-23 14:01:43.107+00",,,,
b521371b-a00b-44e8-b886-1765561f1faf,JAS-054,72c99bc1-f433-4822-8062-3235447c312e,"[{""id"": ""item_0"", ""size"": ""M"", ""color"": ""amarilla"", ""category"": ""otro"", ""quantity"": 1, ""costPrice"": 50000, ""productId"": """", ""salePrice"": 75000, ""supplierId"": ""d31c09ad-95b9-42d7-8d70-6a0bd78fce9f"", ""productName"": ""camiseta colombia mujer""}, {""id"": ""item_1"", ""size"": ""S"", ""color"": ""amarilla"", ""category"": ""otro"", ""quantity"": 1, ""costPrice"": 50000, ""productId"": """", ""salePrice"": 75000, ""supplierId"": ""d31c09ad-95b9-42d7-8d70-6a0bd78fce9f"", ""productName"": ""camiseta colombia hombre ""}]",150000.00,100000.00,0.00,pendiente_pago,fiado,a0000000-0000-0000-0000-000000000002,a0000000-0000-0000-0000-000000000002,"2026-06-24 00:00:00+00",,"2026-06-24 04:56:05.517+00","","2026-06-24 03:47:15.179+00","2026-06-24 12:13:37.368+00",,,,
1c857cac-80e8-4df1-bde0-3261a1cbd12b,HIST-5B7BFE65,5b7bfe65-984a-4318-b8de-ede9e44aa300,"[{""quantity"": 1, ""unitPrice"": 70000, ""totalPrice"": 70000, ""productName"": ""Saldo histórico libreta""}]",60000.00,0.00,30000.00,pendiente_pago,credito,a0000000-0000-0000-0000-000000000001,,"2026-06-18 13:26:38.121+00",,,"Importado de libreta. Trio negro bangalina licrada, trio top lira legins buso, jean negro skinny talla 12, jean blanco skinny talla 12, jean bogui azul 12, buso verde xl, corset beige, conjunto deportivo verde, buso camel chanel","2026-06-18 13:26:38.495894+00","2026-06-24 19:46:30.482+00",,,,
dc4b9e50-32e9-43ba-8f01-7acebd59819d,HIST-784084C7,784084c7-6422-4d34-bb65-944595bc1e4f,"[{""id"": ""item_0"", ""quantity"": 1, ""costPrice"": 140000, ""salePrice"": 260000, ""unitPrice"": 260000, ""supplierId"": ""81d95c79-2aa5-4972-bbd1-2deee6c71a00"", ""totalPrice"": 260000, ""productName"": ""Saldo histórico libreta""}]",260000.00,140000.00,100000.00,pendiente_pago,fiado,a0000000-0000-0000-0000-000000000001,a0000000-0000-0000-0000-000000000003,"2026-06-18 00:00:00+00",,,"saldo anterios 55 camisa tipo polo 62 camiseta colombia 80 camisa cuello redondo hugo boss 68","2026-06-18 13:26:38.495894+00","2026-06-24 21:24:30.291+00",,,,
48e87cae-78df-4621-93e7-b576b79c3e45,HIST-1B4DAFB8,1b4dafb8-dddb-4b0e-b0bf-f95a9264446d,"[{""quantity"": 1, ""unitPrice"": 148000, ""totalPrice"": 148000, ""productName"": ""Saldo histórico libreta""}]",40000.00,0.00,40000.00,pagado,credito,a0000000-0000-0000-0000-000000000001,,"2026-06-18 13:26:38.121+00",,,"Importado de libreta. Jean oversize talla 30 duo, jean oversize talla 30 cargo, conjunto trio amarillo café, camisa talla 14 negra, jean azul claro 14, conjunto verde deportivo, overall camel, camel conjunto deportivo adidas, conjunto verde plus, buso de hombre, 2 busos azul-verde","2026-06-18 13:26:38.495894+00","2026-06-24 05:12:33.135+00",,,,
cf8d185d-bc6b-4fdf-9d53-806e33476617,JAS-057,03d41741-b6d6-45a0-84e9-90c967fe623d,"[{""id"": ""item_0"", ""size"": ""NO APLICA"", ""color"": ""no aplica"", ""category"": ""otro"", ""imageUrl"": ""https://ypbshbnixkpynmpefqjd.supabase.co/storage/v1/object/public/pedidos/1782409457971-gk16umrl5e.jpg"", ""quantity"": 1, ""costPrice"": 85000, ""productId"": """", ""salePrice"": 120000, ""supplierId"": ""42970a3c-ec8a-47df-ab68-ca3a58660574"", ""productName"": ""locion kharmrah""}]",120000.00,85000.00,0.00,por_recoger,fiado,a0000000-0000-0000-0000-000000000003,a0000000-0000-0000-0000-000000000003,"2026-06-24 00:00:00+00",,,"","2026-06-24 04:05:01.669+00","2026-06-25 17:44:48.451+00",,,,
6f001866-039a-4bce-afa5-a29e5ff587b7,JAS-039,f9968c52-e1b0-4c6d-9af0-f0e1208edada,"[{""id"": ""item_0"", ""size"": ""NO APLICA"", ""color"": ""NO  APLICA"", ""category"": ""locion"", ""quantity"": 1, ""costPrice"": 75000, ""productId"": """", ""salePrice"": 120000, ""supplierId"": ""42970a3c-ec8a-47df-ab68-ca3a58660574"", ""productName"": ""Locion eclare""}]",120000.00,75000.00,0.00,pendiente_pago,fiado,a0000000-0000-0000-0000-000000000002,a0000000-0000-0000-0000-000000000003,"2026-06-24 00:00:00+00",,"2026-06-24 04:54:38.553+00","","2026-06-24 02:31:44.432+00","2026-06-24 12:14:52.539+00",,,,
bf0d4f96-0d6f-4a18-9e79-c5c68bfed172,HIST-5945B950,5945b950-0ed1-4c7e-a765-126e056feeff,"[{""quantity"": 1, ""unitPrice"": 165000, ""totalPrice"": 165000, ""productName"": ""Saldo histórico libreta""}]",165000.00,0.00,100000.00,pendiente_pago,credito,a0000000-0000-0000-0000-000000000001,,"2026-06-18 13:26:38.12+00",,,"Importado de libreta. Camiseta Nike, Clemont negra, camisa boss, loción Valentino, camiseta Colombia M azul","2026-06-18 13:26:38.495894+00","2026-06-24 05:27:00.007+00",,,,
e9a8f9ac-d39e-4574-a2bf-12e3ddecd49e,JAS-050,3a10746f-4cab-457c-9f4f-998d10a9d440,"[{""id"": ""item_0"", ""size"": ""NO APLICA"", ""color"": ""no aplica"", ""category"": ""otro"", ""quantity"": 1, ""costPrice"": 75000, ""productId"": """", ""salePrice"": 110000, ""supplierId"": ""42970a3c-ec8a-47df-ab68-ca3a58660574"", ""productName"": ""locion eclaire ""}]",110000.00,75000.00,0.00,pendiente_pago,fiado,a0000000-0000-0000-0000-000000000002,a0000000-0000-0000-0000-000000000003,"2026-06-24 00:00:00+00",,"2026-06-24 04:55:49.241+00","","2026-06-24 03:31:54.715+00","2026-06-24 12:14:21.865+00",,,,
8cd2e667-8368-4f71-ac74-f6f4f24ee6d3,JAS-058,2008d9d7-e37c-49ae-bfb7-b0850cb8c141,"[{""id"": ""item_0"", ""size"": ""TALLA UNICA"", ""color"": ""amarillo"", ""category"": ""otro"", ""imageUrl"": ""https://ypbshbnixkpynmpefqjd.supabase.co/storage/v1/object/public/pedidos/1782273987142-xghisqfy0sg.jpg"", ""quantity"": 1, ""costPrice"": 53000, ""productId"": """", ""salePrice"": 68000, ""supplierId"": ""a15ecc15-bbfb-4ff5-9f82-9ee98f62cf3e"", ""productName"": ""buso aladino""}]",68000.00,53000.00,0.00,por_recoger,fiado,a0000000-0000-0000-0000-000000000002,a0000000-0000-0000-0000-000000000003,"2026-06-24 00:00:00+00",,,"","2026-06-24 04:07:54.496+00","2026-06-24 04:13:38.285+00",,,,
b826ffa7-0eb2-4a0b-a706-dfd8e3c31ae2,JAS-030,98945a5b-d7f9-4830-9b9a-64def16f933c,"[{""id"": ""item_0"", ""size"": ""L"", ""color"": ""blanca"", ""category"": ""otro"", ""quantity"": 1, ""costPrice"": 50000, ""productId"": """", ""salePrice"": 65000, ""supplierId"": ""385fda1d-4857-47ce-9a7e-27f3cf942633"", ""productName"": ""camisa polo""}]",65000.00,50000.00,0.00,pendiente_pago,fiado,a0000000-0000-0000-0000-000000000002,a0000000-0000-0000-0000-000000000002,"2026-06-23 00:00:00+00",,"2026-06-23 12:39:12.326+00","","2026-06-23 04:12:47.638+00","2026-06-24 04:14:51.498+00",,,,
bb39fc17-69dd-4875-a057-85a6e775df7a,JAS-035,0c19dd46-23cf-41c6-958e-843ff97b6e16,"[{""id"": ""item_0"", ""size"": ""XL"", ""color"": ""Amarilla"", ""category"": ""otro"", ""quantity"": 1, ""costPrice"": 50000, ""productId"": """", ""salePrice"": 68000, ""supplierId"": ""d31c09ad-95b9-42d7-8d70-6a0bd78fce9f"", ""productName"": ""Camiseta hombre Colombia ""}]",68000.00,50000.00,68000.00,pagado,fiado,a0000000-0000-0000-0000-000000000003,a0000000-0000-0000-0000-000000000003,"2026-06-23 00:00:00+00","2026-06-24 00:00:00+00",,"","2026-06-23 13:48:02.711+00","2026-06-24 16:02:26.03+00",,,,
341032bf-cd3d-49a4-8f62-508a089f8ea5,HIST-C3F50148,c3f50148-2465-4c6b-9170-8dcbebaa77b2,"[{""quantity"": 1, ""unitPrice"": 105000, ""totalPrice"": 105000, ""productName"": ""Saldo histórico libreta""}]",40000.00,0.00,40000.00,pagado,credito,a0000000-0000-0000-0000-000000000001,,"2026-06-18 13:26:38.121+00",,,"Importado de libreta. 1 camiseta Superdy 70k, Blue Jean Skinny negro 80k, Buso beig 2xl 80k, Jean clasico 75k, Jean hombre 36 70k, Cambuso verde 90k, Loción club de nuit 100k; múltiples abonos 2025-2026","2026-06-18 13:26:38.711877+00","2026-06-24 21:24:23.315+00",,,,
d3811766-df43-4123-bd98-1b561108c425,HIST-2EE090C8,2ee090c8-b91a-45e8-9828-aaee6656a021,"[{""quantity"": 1, ""unitPrice"": 88000, ""totalPrice"": 88000, ""productName"": ""Saldo histórico libreta""}]",200000.00,0.00,200000.00,pagado,credito,a0000000-0000-0000-0000-000000000001,,"2026-06-18 13:26:38.121+00",,,"Importado de libreta. Falda blanca hueso 70k, Falda pliegues negro 74k, Camisa blanca 60k, Conjunto hilo negro 58k, Jean azul Peris 12, Falda beig camel, Básica rosada 43k; abonos: 1-05-26 70k, 16-05-26 50k","2026-06-18 13:26:38.711877+00","2026-06-24 21:23:32.237+00",,,,
66f0997c-8acf-4c96-bc79-976d55dc13a2,HIST-2008D9D7,2008d9d7-e37c-49ae-bfb7-b0850cb8c141,"[{""id"": ""item_0"", ""quantity"": 1, ""costPrice"": 0, ""salePrice"": 70000, ""unitPrice"": 43000, ""totalPrice"": 43000, ""productName"": ""Saldo histórico libreta""}]",70000.00,0.00,70000.00,pagado,fiado,a0000000-0000-0000-0000-000000000001,,"2026-06-18 00:00:00+00",,,"Importado de libreta. Body verde 38k, Body café 67k, Body negro; abono 30-12-25 $100k","2026-06-18 13:26:38.711877+00","2026-06-24 21:24:11.57+00",,,,
9b1cf9f1-31ba-4c35-a39c-c4fca312282a,JAS-055,f2424d80-7d6b-4cb3-b4a9-602a0de870b9,"[{""id"": ""item_0"", ""size"": ""L"", ""color"": ""amarilla"", ""category"": ""otro"", ""quantity"": 1, ""costPrice"": 50000, ""productId"": """", ""salePrice"": 75000, ""supplierId"": ""d31c09ad-95b9-42d7-8d70-6a0bd78fce9f"", ""productName"": ""camiseta colombia hombre""}]",75000.00,50000.00,0.00,pendiente_pago,fiado,a0000000-0000-0000-0000-000000000003,a0000000-0000-0000-0000-000000000003,"2026-06-24 00:00:00+00",,"2026-06-24 04:56:30.862+00","","2026-06-24 03:51:47.553+00","2026-06-24 12:13:31.39+00",,,,
78156db4-7e3a-4abf-b824-e0e0b9459c98,JAS-024,7851a96b-1d51-4dd4-920e-cc7042cfeae6,"[{""id"": ""item_0"", ""size"": ""M"", ""color"": ""amarilla"", ""category"": ""otro"", ""quantity"": 1, ""costPrice"": 50000, ""productId"": """", ""salePrice"": 75000, ""productName"": ""camiseta colombia hombre""}]",75000.00,50000.00,0.00,pendiente_pago,fiado,a0000000-0000-0000-0000-000000000002,a0000000-0000-0000-0000-000000000003,"2026-06-23 00:00:00+00",,,"","2026-06-23 03:04:00.358+00","2026-06-23 13:59:53.72+00",,,,
2ee126bd-009f-48e7-8dc5-eb4ed9c145f0,JAS-043,c3b8fd88-01b4-4b46-9f0d-0d104b7d1ef5,"[{""id"": ""item_0"", ""size"": ""XL"", ""color"": ""amarilla"", ""category"": ""otro"", ""quantity"": 1, ""costPrice"": 45000, ""productId"": """", ""salePrice"": 75000, ""supplierId"": ""d31c09ad-95b9-42d7-8d70-6a0bd78fce9f"", ""productName"": ""camiseta colombia mujer""}]",75000.00,45000.00,0.00,pendiente_pago,fiado,a0000000-0000-0000-0000-000000000002,a0000000-0000-0000-0000-000000000003,"2026-06-24 00:00:00+00",,"2026-06-24 04:55:05.915+00","","2026-06-24 03:00:17.001+00","2026-06-24 12:14:29.904+00",,,,
2a1f2c47-a4ff-4b12-92e5-5c758b052221,HIST-504CAD1F,504cad1f-21b5-4d5d-904b-30ac7ce2fff2,"[{""quantity"": 1, ""unitPrice"": 75000, ""totalPrice"": 75000, ""productName"": ""Saldo histórico libreta""}]",88000.00,0.00,0.00,pendiente_pago,credito,a0000000-0000-0000-0000-000000000001,,"2026-06-18 13:26:38.121+00",,,"Importado de libreta. Pantalón talla 5H verde (página con texto desvanecido)","2026-06-18 13:26:38.711877+00","2026-06-22 02:53:40.669873+00",,,,
71f31c02-d740-4466-b6a0-7b858093171e,HIST-5D2D4472,5d2d4472-9b3e-42b4-8b25-5e15671fedd3,"[{""quantity"": 1, ""unitPrice"": 160000, ""totalPrice"": 160000, ""productName"": ""Saldo histórico libreta""}]",160000.00,0.00,70000.00,pendiente_pago,credito,a0000000-0000-0000-0000-000000000001,,"2026-06-18 13:26:38.121+00",,,"Importado de libreta. Jean Skiny 70k, Enterizo gris 2xl 82k, Jean desgarres 70k, Sudadera gris M 68k; abonos: 8-05-26 30k, 15-05-26 30k, 25-05-26 30k, 31-05-26 40k","2026-06-18 13:26:38.711877+00","2026-06-25 11:29:27.45+00",,,,
74b2c77e-1aaa-4ef8-b46d-2323aa8ae74b,HIST-6BD46BD8,6bd46bd8-df45-4b15-81eb-e35b279a2549,"[{""quantity"": 1, ""unitPrice"": 329000, ""totalPrice"": 329000, ""productName"": ""Saldo histórico libreta""}]",379000.00,0.00,0.00,pendiente_pago,credito,a0000000-0000-0000-0000-000000000001,,"2026-06-18 13:26:38.121+00",,,"Importado de libreta. Camisa algodón aplique gris, camisa algodón aplique verde, mocho militar gris, mocho gris talla 12, jean talla 18, deportivo conjunto naranja, pantalón rib verde, pantalón rib café, 3 pantalones importado, short 18","2026-06-18 13:26:38.495894+00","2026-06-22 02:53:41.903509+00",,,,
412e7726-b4fd-4096-a7af-1968eeb9f2ad,HIST-D799AA5E,d799aa5e-f8f1-465d-a70d-4e77acffdb36,"[{""quantity"": 1, ""unitPrice"": 75000, ""totalPrice"": 75000, ""productName"": ""Saldo histórico libreta""}]",120000.00,0.00,120000.00,pagado,credito,a0000000-0000-0000-0000-000000000001,,"2026-06-18 13:26:38.121+00",,,"Importado de libreta. 1 camiseta Colombia","2026-06-18 13:26:38.495894+00","2026-06-24 05:22:08.573+00",,,,
414c2598-be73-4a30-a52a-a7142b6dd87b,HIST-1BA1ED9D,1ba1ed9d-c575-48c4-8929-a4d1957621a5,"[{""quantity"": 1, ""unitPrice"": 130000, ""totalPrice"": 130000, ""productName"": ""Saldo histórico libreta""}]",120000.00,0.00,0.00,pendiente_pago,credito,a0000000-0000-0000-0000-000000000001,,"2026-06-18 13:26:38.121+00",,,"Importado de libreta. Conjunto deportivo negro gris ml 65k, Conjunto deportivo gris ml 65k","2026-06-18 13:26:38.711877+00","2026-06-22 02:53:45.086172+00",,,,
98477d2b-b5c4-472e-b2ee-51f41bcb6ede,JAS-017,f1cbc027-7cbb-43f1-b30e-990eece4a50c,"[{""id"": ""item_0"", ""size"": ""M"", ""color"": ""beig"", ""category"": ""otro"", ""quantity"": 1, ""costPrice"": 50000, ""productId"": """", ""salePrice"": 70000, ""supplierId"": ""d31c09ad-95b9-42d7-8d70-6a0bd78fce9f"", ""productName"": ""camiseta centenario""}]",70000.00,50000.00,0.00,pendiente_pago,fiado,a0000000-0000-0000-0000-000000000002,a0000000-0000-0000-0000-000000000003,"2026-06-23 00:00:00+00",,,"","2026-06-23 02:09:48.874+00","2026-06-23 14:01:41.754+00",,,,
ff73dc47-b60c-463a-ad8a-0c70c99953a6,HIST-37A51EF8,37a51ef8-a0ee-4fed-9a3f-516be0a2d73b,"[{""quantity"": 1, ""unitPrice"": 40000, ""totalPrice"": 40000, ""productName"": ""Saldo histórico libreta""}]",93000.00,0.00,50000.00,pendiente_pago,credito,a0000000-0000-0000-0000-000000000001,,"2026-06-18 13:26:38.121+00",,,"Importado de libreta. Camiseta Blow Up nacional, 2 camisetas Colombia encuchetada, camisa oversize xl, camisa chaparronse","2026-06-18 13:26:38.495894+00","2026-06-24 05:29:48.171+00",,,,
80b386ef-9351-48e4-afe6-d2cfaf2fdbb8,JAS-040,3a10746f-4cab-457c-9f4f-998d10a9d440,"[{""id"": ""item_0"", ""size"": ""NO APLICA"", ""color"": ""NO APLICA"", ""category"": ""otro"", ""quantity"": 1, ""costPrice"": 75000, ""productId"": """", ""salePrice"": 100000, ""supplierId"": ""42970a3c-ec8a-47df-ab68-ca3a58660574"", ""productName"": ""locion""}]",100000.00,75000.00,70000.00,pendiente_pago,fiado,a0000000-0000-0000-0000-000000000002,a0000000-0000-0000-0000-000000000003,"2026-06-24 00:00:00+00",,"2026-06-24 04:54:52.866+00","","2026-06-24 02:33:28.435+00","2026-06-24 20:25:24.756+00",,,,
a90e6a75-f01d-47b1-b029-e2d896e58176,JAS-031,1a354382-ae65-4ae9-ad34-e14135e59858,"[{""id"": ""item_0"", ""size"": ""UNICA"", ""color"": ""gris"", ""category"": ""otro"", ""quantity"": 1, ""costPrice"": 45000, ""productId"": """", ""salePrice"": 61000, ""supplierId"": ""f13783c3-3f16-4b8c-8039-a617c7e1a1ce"", ""productName"": ""body oso""}]",61000.00,45000.00,0.00,pendiente_pago,fiado,a0000000-0000-0000-0000-000000000002,a0000000-0000-0000-0000-000000000002,"2026-06-23 00:00:00+00",,"2026-06-23 12:39:17.456+00","","2026-06-23 04:19:00.908+00","2026-06-24 04:14:48.777+00",,,,
b275ddd5-b2d6-4bb4-87ce-18a19ea4d429,JAS-025,5945b950-0ed1-4c7e-a765-126e056feeff,"[{""id"": ""item_0"", ""size"": ""2XL"", ""color"": ""roja"", ""category"": ""otro"", ""quantity"": 1, ""costPrice"": 58000, ""productId"": """", ""salePrice"": 78000, ""supplierId"": ""d31c09ad-95b9-42d7-8d70-6a0bd78fce9f"", ""productName"": ""camiseta colombia hombre""}]",78000.00,58000.00,0.00,pendiente_pago,fiado,a0000000-0000-0000-0000-000000000003,a0000000-0000-0000-0000-000000000003,"2026-06-23 00:00:00+00",,"2026-06-23 12:38:56.885+00","","2026-06-23 03:07:46.863+00","2026-06-23 13:59:51.122+00",,,,
7bf50394-9f45-409e-be5c-1d8e1529f5b2,JAS-018,c3f50148-2465-4c6b-9170-8dcbebaa77b2,"[{""id"": ""item_0"", ""size"": ""M"", ""color"": ""beig"", ""category"": ""otro"", ""quantity"": 1, ""costPrice"": 50000, ""productId"": """", ""salePrice"": 70000, ""supplierId"": ""d31c09ad-95b9-42d7-8d70-6a0bd78fce9f"", ""productName"": ""camiseta centenario""}]",70000.00,50000.00,0.00,pendiente_pago,fiado,a0000000-0000-0000-0000-000000000002,,"2026-06-23 00:00:00+00",,"2026-06-23 12:38:23.605+00","","2026-06-23 02:13:50.896+00","2026-06-23 14:00:12.181+00",,,,
8a65e9f9-cb1b-4bd9-a7eb-0d1968235b86,HIST-BD96D57B,bd96d57b-03dd-4afd-bb40-dc8bca4e5274,"[{""quantity"": 1, ""unitPrice"": 155000, ""totalPrice"": 155000, ""productName"": ""Saldo histórico libreta""}]",318000.00,0.00,50000.00,pendiente_pago,credito,a0000000-0000-0000-0000-000000000001,,"2026-06-18 13:26:38.121+00",,,"Importado de libreta. Conjunto negro california, pantalones cargo jogger talla 36","2026-06-18 13:26:38.909261+00","2026-06-25 02:21:53.898+00",,,,
72e04839-ed67-495e-a90a-c654b4aafff9,HIST-96495ADB,96495adb-a264-4e35-93d0-a65ac0cc6406,"[{""quantity"": 1, ""unitPrice"": 30000, ""totalPrice"": 30000, ""productName"": ""Saldo histórico libreta""}]",61000.00,0.00,0.00,pendiente_pago,credito,a0000000-0000-0000-0000-000000000001,,"2026-06-18 13:26:38.121+00",,,"Importado de libreta. Pantalon cargo azul recelo, chaqueta reflectiva","2026-06-18 13:26:38.909261+00","2026-06-22 02:53:44.469387+00",,,,
f6659607-5468-4bde-94e4-8348e70bdb7a,HIST-3A10746F,3a10746f-4cab-457c-9f4f-998d10a9d440,"[{""quantity"": 1, ""unitPrice"": 152000, ""totalPrice"": 152000, ""productName"": ""Saldo histórico libreta""}]",65000.00,0.00,65000.00,pagado,credito,a0000000-0000-0000-0000-000000000001,,"2026-06-18 13:26:38.121+00",,,"Importado de libreta. Conjunto verde talla Serlin SM, Camisa verde layda, Conjunto rosado flores, Conjunto chaleco gris, Enterizo vascado blanco SM, Conjunto verde Gambus, Conjunto en hilo No/camel, Conjunto hombre camel 1x1, Conjunto chaleco SM; abonos: 30-04-26, 5-06-26","2026-06-18 13:26:38.711877+00","2026-06-24 20:25:24.756+00",,,,
1dca219c-715a-43ca-a40a-7211012b35bc,HIST-9E762C0F,9e762c0f-fd4f-406f-bc1e-da18c4d3f6fc,"[{""quantity"": 1, ""unitPrice"": 140000, ""totalPrice"": 140000, ""productName"": ""Saldo histórico libreta""}]",155000.00,0.00,0.00,pendiente_pago,credito,a0000000-0000-0000-0000-000000000001,,"2026-06-18 13:26:38.121+00",,,"Importado de libreta. 2 jean mujer skiny, conjunto clement negro jean talla 12, skiny negro, deuda Francia jean pie cambio","2026-06-18 13:26:38.909261+00","2026-06-22 02:53:46.319178+00",,,,
054059db-9731-497e-9e5e-486edec0fd0d,JAS-052,cff04670-4a4f-4b9e-ba99-dee7c49ab7fe,"[{""id"": ""item_0"", ""size"": ""XL"", ""color"": ""blanca"", ""category"": ""otro"", ""quantity"": 1, ""costPrice"": 45000, ""productId"": """", ""salePrice"": 65000, ""supplierId"": ""81d95c79-2aa5-4972-bbd1-2deee6c71a00"", ""productName"": ""camiseta""}]",65000.00,45000.00,0.00,pendiente_pago,fiado,a0000000-0000-0000-0000-000000000003,a0000000-0000-0000-0000-000000000003,"2026-06-24 00:00:00+00",,"2026-06-24 04:55:57.922+00","","2026-06-24 03:42:01.376+00","2026-06-24 12:13:48.525+00",,,,
354a800b-4794-47f3-a038-b7e35d938a20,HIST-0365F4D0,0365f4d0-3b84-4283-8a01-8a6142e99b7a,"[{""quantity"": 1, ""unitPrice"": 100000, ""totalPrice"": 100000, ""productName"": ""Saldo histórico libreta""}]",91000.00,0.00,91000.00,pagado,credito,a0000000-0000-0000-0000-000000000001,,"2026-06-18 13:26:38.121+00",,,"Importado de libreta. Jean cargo talla 10, jean gris talla 10, pantalon cargo claro, jean skyny talla 10","2026-06-18 13:26:38.909261+00","2026-06-24 05:35:50.865+00",,,,
86981d73-44d3-40d0-a61d-19dd591b3b00,HIST-40D8424B,40d8424b-51dd-4e7a-b72a-7d23a5e95aa8,"[{""quantity"": 1, ""unitPrice"": 275000, ""totalPrice"": 275000, ""productName"": ""Saldo histórico libreta""}]",130000.00,0.00,50000.00,pendiente_pago,credito,a0000000-0000-0000-0000-000000000001,,"2026-06-18 13:26:38.121+00",,,"Importado de libreta. Jean cargo hombre claro 32, Jean negro, Oversize 2 camisetas negras, Chaqueta vent vent 2, Conjunto negro pull, Conjunto gris desgarres, Conjunto negro talla 1.1, Impermeable chaqueta Nike, Loción con millón, Conjunto beig 1x1 xl; múltiples abonos 2025-2026","2026-06-18 13:26:38.711877+00","2026-06-24 04:52:25.518+00",,,,
5a22abe1-cca7-452b-8d2b-1857c9617fad,JAS-056,9d18cccf-f8b0-4564-a17b-ea873f6dde1e,"[{""id"": ""item_0"", ""size"": ""M"", ""color"": ""vinotinto"", ""category"": ""otro"", ""quantity"": 1, ""costPrice"": 32000, ""productId"": """", ""salePrice"": 115000, ""supplierId"": ""f13783c3-3f16-4b8c-8039-a617c7e1a1ce"", ""productName"": ""camisa tipo polo""}]",115000.00,32000.00,20000.00,pendiente_pago,fiado,a0000000-0000-0000-0000-000000000002,a0000000-0000-0000-0000-000000000003,"2026-06-24 00:00:00+00",,"2026-06-24 04:56:38.965+00","","2026-06-24 03:56:47.451+00","2026-06-25 02:19:35.114+00",,,,
66e8529e-2507-4493-ab4e-6abbc4fc8d8d,JAS-044,811ddc1a-5194-4de0-b854-493f9fcf5d1b,"[{""id"": ""item_0"", ""size"": ""M"", ""color"": ""roja"", ""category"": ""otro"", ""quantity"": 1, ""costPrice"": 45000, ""productId"": """", ""salePrice"": 75000, ""supplierId"": ""d31c09ad-95b9-42d7-8d70-6a0bd78fce9f"", ""productName"": ""camiseta colombia retro""}]",75000.00,45000.00,0.00,pendiente_pago,fiado,a0000000-0000-0000-0000-000000000002,a0000000-0000-0000-0000-000000000003,"2026-06-24 00:00:00+00",,"2026-06-24 04:55:08.574+00","","2026-06-24 03:04:37.545+00","2026-06-24 12:14:26.407+00",,,,
52254b00-d8d2-4bae-998b-2f831051dbca,JAS-032,6bd46bd8-df45-4b15-81eb-e35b279a2549,"[{""id"": ""item_0"", ""size"": ""UNICA"", ""color"": ""blanco hueso"", ""category"": ""otro"", ""quantity"": 1, ""costPrice"": 110000, ""productId"": """", ""salePrice"": 135000, ""supplierId"": ""985ca746-9674-4ddb-827f-c0d35a1731f3"", ""productName"": ""set""}]",135000.00,110000.00,0.00,pendiente_pago,fiado,a0000000-0000-0000-0000-000000000002,a0000000-0000-0000-0000-000000000002,"2026-06-23 00:00:00+00",,"2026-06-23 12:39:21.714+00","","2026-06-23 04:24:18.71+00","2026-06-24 04:14:42.264+00",,,,
f950c86c-cf71-4d21-a2a1-979fe1adf69c,HIST-7851A96B,7851a96b-1d51-4dd4-920e-cc7042cfeae6,"[{""quantity"": 1, ""unitPrice"": 130000, ""totalPrice"": 130000, ""productName"": ""Saldo histórico libreta""}]",100000.00,0.00,50000.00,pendiente_pago,credito,a0000000-0000-0000-0000-000000000001,,"2026-06-18 13:26:38.121+00",,,"Importado de libreta. Netflix, Port/chatup/camel chro, Vestido blanco, camibuso café, Camisa Medellín, Perles camisa oversize blanca, Netflix marzo-abril, Body negro polo, Vestido mayo gris; múltiples abonos 2025-2026","2026-06-18 13:26:38.711877+00","2026-06-24 19:34:48.335+00",,,,
b831c7a4-19ba-4779-b5fa-c6062fa583cd,HIST-BA61A78E,ba61a78e-7e19-49e1-8f3c-494f021b1be9,"[{""quantity"": 1, ""unitPrice"": 155000, ""totalPrice"": 155000, ""productName"": ""Saldo histórico libreta""}]",256000.00,0.00,120000.00,pendiente_pago,credito,a0000000-0000-0000-0000-000000000001,,"2026-06-18 13:26:38.121+00",,,"Importado de libreta. 2 jean picafruta","2026-06-18 13:26:38.909261+00","2026-06-24 05:00:25.564+00",,,,
8fb34573-d964-4b80-9811-82cdbbfa372b,JAS-003,0168c10e-4521-4af8-b276-3fd32cd08d0f,"[{""id"": ""item_0"", ""size"": ""2XL"", ""color"": ""Amarilla"", ""category"": ""otro"", ""quantity"": 1, ""costPrice"": 55000, ""productId"": """", ""salePrice"": 80000, ""supplierId"": ""d31c09ad-95b9-42d7-8d70-6a0bd78fce9f"", ""productName"": ""Camiseta Colombia hombre""}]",80000.00,55000.00,0.00,pendiente_pago,fiado,a0000000-0000-0000-0000-000000000003,a0000000-0000-0000-0000-000000000003,"2026-06-20 00:00:00+00","2026-06-23 00:00:00+00","2026-06-23 18:29:43.933+00","","2026-06-22 05:01:14.307+00","2026-06-24 04:15:14.991+00",d31c09ad-95b9-42d7-8d70-6a0bd78fce9f,pendiente,0,efectivo
fa547a5b-7b06-4f1b-9ac1-9c2354d21a2a,HIST-6A31A9DC,6a31a9dc-be8e-4e2b-944a-5b3a0a5667a2,"[{""quantity"": 1, ""unitPrice"": 96000, ""totalPrice"": 96000, ""productName"": ""Saldo histórico libreta""}]",76000.00,0.00,76000.00,pagado,credito,a0000000-0000-0000-0000-000000000001,,"2026-06-18 13:26:38.121+00",,,"Importado de libreta. 2 pantalonetas importadas M","2026-06-18 13:26:38.909261+00","2026-06-24 21:21:54.234+00",,,,
47472199-d141-4986-bf3a-e0e532220bec,HIST-C317B538,c317b538-c61e-4f09-a1bd-1f2fa737cf07,"[{""quantity"": 1, ""unitPrice"": 35000, ""totalPrice"": 35000, ""productName"": ""Saldo histórico libreta""}]",65000.00,0.00,0.00,pendiente_pago,credito,a0000000-0000-0000-0000-000000000001,,"2026-06-18 13:26:38.121+00",,,"Importado de libreta. 2 jean de mujer talla 12, camiseta oversize, jean desgaste hombre 32","2026-06-18 13:26:38.909261+00","2026-06-22 02:53:47.318268+00",,,,
4f507c41-6233-443e-8288-3997e74d0647,HIST-2C39E07A,2c39e07a-4932-4a72-8fcd-0041e6192fc1,"[{""quantity"": 1, ""unitPrice"": 97000, ""totalPrice"": 97000, ""productName"": ""Saldo histórico libreta""}]",420000.00,0.00,45000.00,pendiente_pago,credito,a0000000-0000-0000-0000-000000000001,,"2026-06-18 13:26:38.121+00",,,"Importado de libreta. Jean gris cargo t10, jean negro cargo t10, jean azul cargo, jean cargo joger negro 32, buso negro 22 azul, deuda Francia jean pie cambio","2026-06-18 13:26:38.909261+00","2026-06-24 05:15:59.836+00",,,,
4a01f3a7-bbca-40e1-9b04-fb4aff4d6564,HIST-C05FA0C0,c05fa0c0-810b-4fee-aa1e-15f627b920a4,"[{""quantity"": 1, ""unitPrice"": 85000, ""totalPrice"": 85000, ""productName"": ""Saldo histórico libreta""}]",60000.00,0.00,0.00,pendiente_pago,credito,a0000000-0000-0000-0000-000000000001,,"2026-06-18 13:26:38.121+00",,,"Importado de libreta. Camiseta real madrid","2026-06-18 13:26:38.909261+00","2026-06-22 02:53:48.919277+00",,,,
07a01a54-baaa-4d00-adf1-6e97d4581f11,JAS-026,b6064dae-5e6d-4ced-be72-edc34b8de1ca,"[{""id"": ""item_0"", ""size"": ""L"", ""color"": ""beig"", ""category"": ""otro"", ""quantity"": 1, ""costPrice"": 50000, ""productId"": """", ""salePrice"": 70000, ""supplierId"": ""d31c09ad-95b9-42d7-8d70-6a0bd78fce9f"", ""productName"": ""camiseta centenario colombia""}, {""id"": ""item_1"", ""size"": ""M"", ""color"": ""beig"", ""category"": ""otro"", ""quantity"": 1, ""costPrice"": 60000, ""productId"": """", ""salePrice"": 80000, ""supplierId"": ""d31c09ad-95b9-42d7-8d70-6a0bd78fce9f"", ""productName"": ""camiseta centenario colombia ""}]",150000.00,110000.00,120000.00,pendiente_pago,fiado,a0000000-0000-0000-0000-000000000003,a0000000-0000-0000-0000-000000000003,"2026-06-23 00:00:00+00",,"2026-06-23 12:39:01.695+00","","2026-06-23 03:16:45.77+00","2026-06-24 21:27:21.644+00",,,,
054fad43-eb57-4d69-b4ce-bddb19dfb93e,HIST-968E32FE,968e32fe-4154-4aca-a400-56f2f9176d0d,"[{""quantity"": 1, ""unitPrice"": 46000, ""totalPrice"": 46000, ""productName"": ""Saldo histórico libreta""}]",134000.00,0.00,130000.00,pendiente_pago,credito,a0000000-0000-0000-0000-000000000001,,"2026-06-18 13:26:38.121+00",,,"Importado de libreta. Pedido previo 116,000 - abono 18-11-25","2026-06-18 13:26:39.108125+00","2026-06-24 19:50:56.715+00",,,,
f52db724-7ac8-4ab8-9d59-7545ae5ea2f8,JAS-047,69a1f842-a1b6-440e-8a8e-0ffe433ce079,"[{""id"": ""item_0"", ""size"": ""L"", ""color"": ""amarilla"", ""category"": ""otro"", ""quantity"": 1, ""costPrice"": 50000, ""productId"": """", ""salePrice"": 75000, ""supplierId"": ""d31c09ad-95b9-42d7-8d70-6a0bd78fce9f"", ""productName"": ""camiseta amarilla""}]",75000.00,50000.00,75000.00,pagado,fiado,a0000000-0000-0000-0000-000000000002,a0000000-0000-0000-0000-000000000003,"2026-06-24 00:00:00+00",,"2026-06-24 04:55:28.921+00","","2026-06-24 03:23:03.678+00","2026-06-24 21:24:03.807+00",,,,
a1ad3a4c-5ef8-4124-9215-c0ba62dc7aa5,HIST-D4E58C64,d4e58c64-d6a5-40aa-a398-d66285969a4b,"[{""quantity"": 1, ""unitPrice"": 65000, ""totalPrice"": 65000, ""productName"": ""Saldo histórico libreta""}]",264000.00,0.00,0.00,pendiente_pago,credito,a0000000-0000-0000-0000-000000000001,,"2026-06-18 13:26:38.121+00",,,"Importado de libreta. Camiseta oversize, camiseta oversize importada, camisa 2x1 negro, jean levis azul exo, chaqueta y camisa nacional, camiseta nacional 2x1, jean talla 32","2026-06-18 13:26:39.108125+00","2026-06-22 02:53:53.053154+00",,,,
fe0496a4-cf90-45fb-bb59-ada1541d7e15,JAS-012,7c845dd3-e45b-4ef7-b4b2-45db8c708f94,"[{""id"": ""item_0"", ""size"": ""M"", ""color"": ""Negra"", ""category"": ""otro"", ""imageUrl"": ""https://ypbshbnixkpynmpefqjd.supabase.co/storage/v1/object/public/pedidos/1782173467728-e4vxok44mh.jpg"", ""quantity"": 1, ""costPrice"": 45000, ""productId"": """", ""salePrice"": 55000, ""supplierId"": ""d31c09ad-95b9-42d7-8d70-6a0bd78fce9f"", ""productName"": ""Camiseta nacional ""}]",55000.00,45000.00,0.00,cancelado,fiado,a0000000-0000-0000-0000-000000000003,a0000000-0000-0000-0000-000000000003,"2026-06-23 00:00:00+00","2026-06-23 00:00:00+00",,"","2026-06-23 00:12:00.18+00","2026-06-23 18:42:08.738+00",,,,
b3d779ba-e562-4809-b499-84a13dd465da,JAS-036,0c19dd46-23cf-41c6-958e-843ff97b6e16,"[{""id"": ""item_0"", ""size"": ""L XL"", ""color"": ""Blanca con logo colombia"", ""category"": ""otro"", ""quantity"": 1, ""costPrice"": 20000, ""productId"": """", ""salePrice"": 25000, ""supplierId"": ""46637935-115f-4fa0-9567-bc27ea0f4b17"", ""productName"": ""Camiseta de colombia""}]",25000.00,20000.00,0.00,cancelado,fiado,a0000000-0000-0000-0000-000000000003,a0000000-0000-0000-0000-000000000003,"2026-06-23 00:00:00+00","2026-06-27 00:00:00+00",,"","2026-06-23 15:39:29.867+00","2026-06-23 16:04:05.229+00",,,,
95a9c79f-5e24-403d-a0e9-ef9822ec14d8,HIST-B4334C22,b4334c22-939e-438d-aa9e-28a3669709ac,"[{""quantity"": 1, ""unitPrice"": 420000, ""totalPrice"": 420000, ""productName"": ""Saldo histórico libreta""}]",379000.00,0.00,60000.00,pendiente_pago,credito,a0000000-0000-0000-0000-000000000001,,"2026-06-18 13:26:38.121+00",,,"Importado de libreta. Camisetas Colombia 2x1, camiseta Colombia M hombre, lociones: camisetas Colombia hombre y mujer varios colores","2026-06-18 13:26:39.108125+00","2026-06-24 05:02:08.416+00",,,,
162158cc-a38f-4d72-a9e9-c0223096ed73,JAS-033,ce877479-62f7-4203-9793-0966cc141a50,"[{""id"": ""item_0"", ""size"": ""L"", ""color"": ""blanco"", ""category"": ""otro"", ""quantity"": 1, ""costPrice"": 50000, ""productId"": """", ""salePrice"": 65000, ""supplierId"": ""385fda1d-4857-47ce-9a7e-27f3cf942633"", ""productName"": ""camisa polo""}]",65000.00,50000.00,0.00,pendiente_pago,fiado,a0000000-0000-0000-0000-000000000002,a0000000-0000-0000-0000-000000000003,"2026-06-23 00:00:00+00",,"2026-06-23 12:39:25.173+00","","2026-06-23 04:28:31.057+00","2026-06-24 04:14:39.357+00",,,,
b19ab58f-0f07-4f3f-8a71-a91fc8459ce7,HIST-7566C199,7566c199-12db-40e2-b06b-8b60d8981467,"[{""quantity"": 1, ""unitPrice"": 80000, ""totalPrice"": 80000, ""productName"": ""Saldo histórico libreta""}]",167000.00,0.00,67000.00,pendiente_pago,credito,a0000000-0000-0000-0000-000000000001,,"2026-06-18 13:26:38.121+00",,,"Importado de libreta. Macho drill gris talla 12, macho claro 16, conjunto blanco plus, lica conjunto negro deportivo, negro entero bengalina, conjunto amarillo plus","2026-06-18 13:26:39.108125+00","2026-06-24 21:24:16.088+00",,,,
bbe958b0-caab-47f0-86c4-3f79ba556f1a,JAS-020,dc831d8c-1f62-43af-952b-d7d7821b5729,"[{""id"": ""item_0"", ""size"": ""L"", ""color"": ""amarilla"", ""category"": ""otro"", ""quantity"": 1, ""costPrice"": 50000, ""productId"": """", ""salePrice"": 75000, ""supplierId"": ""d31c09ad-95b9-42d7-8d70-6a0bd78fce9f"", ""productName"": ""camiseta colombia""}]",75000.00,50000.00,0.00,pendiente_pago,fiado,a0000000-0000-0000-0000-000000000002,,"2026-06-23 00:00:00+00",,"2026-06-23 12:38:32.263+00","","2026-06-23 02:43:42.406+00","2026-06-23 14:00:08.201+00",,,,
c05f8403-ed69-4350-abb2-e0830a0edc42,HIST-0C19DD46,0c19dd46-23cf-41c6-958e-843ff97b6e16,"[{""quantity"": 1, ""unitPrice"": 38000, ""totalPrice"": 38000, ""productName"": ""Saldo histórico libreta""}]",321000.00,0.00,321000.00,pagado,credito,a0000000-0000-0000-0000-000000000001,,"2026-06-18 13:26:38.121+00",,,"Importado de libreta. Conjunto segra color guayaba","2026-06-18 13:26:39.108125+00","2026-06-23 00:10:15.4+00",,,,
b8eb7aac-c144-47db-b80d-737254a46a0e,HIST-28AA5321,28aa5321-3121-4f24-a1d3-d1cd2dad0fd6,"[{""quantity"": 1, ""unitPrice"": 200000, ""totalPrice"": 200000, ""productName"": ""Saldo histórico libreta""}]",166000.00,0.00,0.00,pendiente_pago,credito,a0000000-0000-0000-0000-000000000001,,"2026-06-18 13:26:38.121+00",,,"Importado de libreta. Conjunto biker azul negro, conjunto shot azul claro, conjunto verde claro, 2 conjuntos de hombre x2","2026-06-18 13:26:39.108125+00","2026-06-22 02:53:50.492022+00",,,,
854993b5-f88c-4d71-9490-7a8d0bb3a7f9,JAS-013,53e844a4-d03e-4730-8dec-109bc096bb97,"[{""id"": ""item_0"", ""size"": ""M"", ""color"": ""azul"", ""category"": ""otro"", ""quantity"": 1, ""costPrice"": 50000, ""productId"": """", ""salePrice"": 75000, ""supplierId"": ""5041fd0f-5cbe-4934-abff-a96d0b1b7a6d"", ""productName"": ""camiseta colombia dama ""}]",75000.00,50000.00,75000.00,pagado,fiado,a0000000-0000-0000-0000-000000000002,a0000000-0000-0000-0000-000000000003,"2026-06-06 00:00:00+00",,"2026-06-23 12:37:12.726+00","","2026-06-23 01:26:21.098+00","2026-06-24 21:25:22.536+00",,,,
4a74cc0c-4ecc-4996-8ebe-517b52ce8385,HIST-3287A999,3287a999-d5e9-42f3-9a48-e2734828bb55,"[{""quantity"": 1, ""unitPrice"": 60000, ""totalPrice"": 60000, ""productName"": ""Saldo histórico libreta""}]",80000.00,0.00,80000.00,pagado,credito,a0000000-0000-0000-0000-000000000001,,"2026-06-18 13:26:38.121+00",,,"Importado de libreta. Body negro bando blondo, entorno cafe SH, falda short talla 8, vestido de jean talla 6","2026-06-18 13:26:39.108125+00","2026-06-24 05:03:32.118+00",,,,
095fa405-8a00-41b0-8801-48ab2c10fd8b,HIST-4C5C09FB,4c5c09fb-e783-43f8-89d3-00380baddda4,"[{""quantity"": 1, ""unitPrice"": 123000, ""totalPrice"": 123000, ""productName"": ""Saldo histórico libreta""}]",152000.00,0.00,0.00,pendiente_pago,credito,a0000000-0000-0000-0000-000000000001,,"2026-06-18 13:26:38.121+00",,,"Importado de libreta. Conjunto negro hilo y chaleco, vestido negro comisón buso blendo, conjunto gris chaleco, chaquetín negro 2x2, jean azul claro t14, jean azul t12, conjunto café, conjunto Nike","2026-06-18 13:26:39.108125+00","2026-06-22 02:53:54.636448+00",,,,
e3e4eb50-878c-4839-b04a-2853cf28e4d7,HIST-708F5879,708f5879-190c-42d1-92ee-4a319d778f98,"[{""quantity"": 1, ""unitPrice"": 264000, ""totalPrice"": 264000, ""productName"": ""Saldo histórico libreta""}]",40000.00,0.00,0.00,pendiente_pago,credito,a0000000-0000-0000-0000-000000000001,,"2026-06-18 13:26:38.121+00",,,"Importado de libreta. Conjunto negro premia jean 2x2, body up nueva busa, cotop body corset, cotop negro corset, camisón blanca t2, conjunto café staple, jean body campanita, body americano, hombre conjunto negro-rojo, pantalón tipo uso","2026-06-18 13:26:39.307435+00","2026-06-22 02:53:55.586161+00",,,,
920d0445-21bc-47ca-895b-d52f388c4a0f,HIST-46A4B85B,46a4b85b-629e-4d29-8984-dd367fb0c1c3,"[{""quantity"": 1, ""unitPrice"": 186000, ""totalPrice"": 186000, ""productName"": ""Saldo histórico libreta""}]",52000.00,0.00,0.00,pendiente_pago,credito,a0000000-0000-0000-0000-000000000001,,"2026-06-18 13:26:38.121+00",,,"Importado de libreta. Jean azul claro 34, buso verde x1, jean talla 20 plus, camiseta tipo polo M, 12 jean de mujer flecos, 3 camisas tipo polo","2026-06-18 13:26:39.108125+00","2026-06-22 02:53:56.802771+00",,,,
3f0a154d-ce8b-4695-bb7f-7a6b9b9f046d,HIST-F3FBFB91,f3fbfb91-b357-4f70-a1f9-80b5bf48e375,"[{""quantity"": 1, ""unitPrice"": 84000, ""totalPrice"": 84000, ""productName"": ""Saldo histórico libreta""}]",90000.00,0.00,0.00,pendiente_pago,credito,a0000000-0000-0000-0000-000000000001,,"2026-06-18 13:26:38.121+00",,,"Importado de libreta. Conjunto brg, camiseta jalisco, chaqueta hueso, jean de hombre, hecho negro freny, camiseta café plus, conjunto café, aguinaldos Benny, jean willi, chaleco camel, chaleco azul, chaleco verde, 2 camisetas Colombia, tobaya rosa, morada, loción","2026-06-18 13:26:39.307435+00","2026-06-22 02:53:57.118895+00",,,,
443cf286-f8c4-4faa-bfbb-c834dceed8ed,JAS-048,69a1f842-a1b6-440e-8a8e-0ffe433ce079,"[{""id"": ""item_0"", ""size"": ""M"", ""color"": ""azul"", ""category"": ""otro"", ""quantity"": 1, ""costPrice"": 50000, ""productId"": """", ""salePrice"": 75000, ""supplierId"": ""d31c09ad-95b9-42d7-8d70-6a0bd78fce9f"", ""productName"": ""camiseta colombia mujer""}]",75000.00,50000.00,5000.00,pendiente_pago,fiado,a0000000-0000-0000-0000-000000000002,a0000000-0000-0000-0000-000000000003,"2026-06-24 00:00:00+00",,"2026-06-24 04:55:32.366+00","","2026-06-24 03:25:02.825+00","2026-06-24 21:24:03.807+00",,,,
9c79a328-433d-46fd-a310-bc744b095bc5,HIST-E7C681DF,e7c681df-c00d-496a-ba00-d9aefed2d6fd,"[{""quantity"": 1, ""unitPrice"": 96000, ""totalPrice"": 96000, ""productName"": ""Saldo histórico libreta""}]",67000.00,0.00,67000.00,pagado,credito,a0000000-0000-0000-0000-000000000001,,"2026-06-18 13:26:38.121+00",,,"Importado de libreta. Camiseta camel tejida, conjunto verde oscuro, conjunto short azul oscuro, jean campera 12, buso amarillo, jean paris targa 14, conjunto producaje, conjunto cafe 2x1","2026-06-18 13:26:39.108125+00","2026-06-24 04:21:56.391+00",,,,
b4ef49bc-79f6-4bea-8a58-c9ad8ca08949,HIST-98945A5B,98945a5b-d7f9-4830-9b9a-64def16f933c,"[{""quantity"": 1, ""unitPrice"": 340000, ""totalPrice"": 340000, ""productName"": ""Saldo histórico libreta""}]",123000.00,0.00,100000.00,pendiente_pago,credito,a0000000-0000-0000-0000-000000000001,,"2026-06-18 13:26:38.121+00",,,"Importado de libreta. Jean skiny talla 11, chaqueta de jean, jean piedrera talla 14, jean blanco 14, jean negro 14, jean onchu deguelé, short, jean negro targa 14, camiseta talla 2, conjunto azul, chaqueta jean, jean claro talla 12 (continúa)","2026-06-18 13:26:39.108125+00","2026-06-24 04:34:06.352+00",,,,
ef2e4abe-6ce4-4298-b6c1-78f970a047b1,JAS-037,7851a96b-1d51-4dd4-920e-cc7042cfeae6,"[{""id"": ""item_0"", ""size"": ""M"", ""color"": ""Amarilla"", ""category"": ""otro"", ""quantity"": 1, ""costPrice"": 65000, ""productId"": """", ""salePrice"": 85000, ""supplierId"": ""d31c09ad-95b9-42d7-8d70-6a0bd78fce9f"", ""productName"": ""Camiseta Colombia mujer""}]",85000.00,65000.00,0.00,pendiente_pago,fiado,a0000000-0000-0000-0000-000000000003,,"2026-06-23 00:00:00+00","2026-06-24 00:00:00+00",,"","2026-06-23 17:02:57.317+00","2026-06-24 04:14:06.734+00",,,,
4fbcbebd-5fba-470f-b9f2-8f75e62d1933,HIST-CFF04670,cff04670-4a4f-4b9e-ba99-dee7c49ab7fe,"[{""quantity"": 1, ""unitPrice"": 134000, ""totalPrice"": 134000, ""productName"": ""Saldo histórico libreta""}]",235000.00,0.00,50000.00,pendiente_pago,credito,a0000000-0000-0000-0000-000000000001,,"2026-06-18 13:26:38.121+00",,,"Importado de libreta. Chaqueta & jean talla única, overal negro talla 14, loción one million","2026-06-18 13:26:39.108125+00","2026-06-24 19:33:08.087+00",,,,
0862de70-aaaa-4a13-97d5-a0ae2f78b466,HIST-CE877479,ce877479-62f7-4203-9793-0966cc141a50,"[{""quantity"": 1, ""unitPrice"": 80000, ""totalPrice"": 80000, ""productName"": ""Saldo histórico libreta""}]",85000.00,0.00,40000.00,pendiente_pago,credito,a0000000-0000-0000-0000-000000000001,,"2026-06-18 13:26:38.121+00",,,"Importado de libreta. Jean t34 azul, camisa tipo polo blanca, jean negro clásico, camisón oversize negro","2026-06-18 13:26:39.307435+00","2026-06-24 21:24:39.983+00",,,,
2833fd88-16fa-4bf9-aa27-b387f2a0b5bb,HIST-5186CABA,5186caba-2e07-4eea-94c9-5e0fd0465583,"[{""quantity"": 1, ""unitPrice"": 85000, ""totalPrice"": 85000, ""productName"": ""Saldo histórico libreta""}]",55000.00,0.00,55000.00,pagado,credito,a0000000-0000-0000-0000-000000000001,,"2026-06-18 13:26:38.121+00",,,"Importado de libreta. Jean de hombre, 2 pijamas satín, body satín picapiedra, medias, camiseta retro nacional, camiseta Francia","2026-06-18 13:26:39.307435+00","2026-06-23 00:25:20.117+00",,,,
53a9c8a3-273f-4d29-9e2d-785d3ee4214a,HIST-F259F927,f259f927-bec7-4232-a125-79f77d337eec,"[{""quantity"": 1, ""unitPrice"": 67000, ""totalPrice"": 67000, ""productName"": ""Saldo histórico libreta""}]",275000.00,0.00,100000.00,pendiente_pago,credito,a0000000-0000-0000-0000-000000000001,,"2026-06-18 13:26:38.121+00",,,"Importado de libreta. Conjunto largo deportivo gris, conjunto corto deportivo corfe","2026-06-18 13:26:39.307435+00","2026-06-24 19:53:43.215+00",,,,
0e4df044-19fc-4e8e-add4-4dd2fdb50f71,HIST-AD6F051C,ad6f051c-d31a-4d14-952b-c89f07b57369,"[{""quantity"": 1, ""unitPrice"": 7000, ""totalPrice"": 7000, ""productName"": ""Saldo histórico libreta""}]",295000.00,0.00,0.00,pendiente_pago,credito,a0000000-0000-0000-0000-000000000001,,"2026-06-18 13:26:38.121+00",,,"Importado de libreta. Enterizo camel, cargo café talla 12","2026-06-18 13:26:39.307435+00","2026-06-22 02:53:44.770538+00",,,,
ab4696e6-6adb-4caa-b253-f26d0a0c043a,HIST-DDDC2192,dddc2192-2407-4abb-aed7-2ac5a0256fd5,"[{""quantity"": 1, ""unitPrice"": 59000, ""totalPrice"": 59000, ""productName"": ""Saldo histórico libreta""}]",147000.00,0.00,50000.00,pendiente_pago,credito,a0000000-0000-0000-0000-000000000001,,"2026-06-18 13:26:38.121+00",,,"Importado de libreta. Pijama satín rojo, conjunto negro, short t6 piedrina, jean roble palado t6, body blanco piedras copo","2026-06-18 13:26:39.307435+00","2026-06-24 21:23:50.394+00",,,,
dea8af61-3f51-4a3b-8afb-63a69870c576,HIST-F2424D80,f2424d80-7d6b-4cb3-b4a9-602a0de870b9,"[{""quantity"": 1, ""unitPrice"": 150000, ""totalPrice"": 150000, ""productName"": ""Saldo histórico libreta""}]",268000.00,0.00,100000.00,pendiente_pago,credito,a0000000-0000-0000-0000-000000000001,,"2026-06-18 13:26:38.121+00",,,"Importado de libreta. Camiseta Colombia XL, camiseta Colombia azul","2026-06-18 13:26:39.502108+00","2026-06-24 21:57:02.038+00",,,,
945ee429-a78e-4d3e-a5e2-b11c93c74abd,HIST-D5FF303A,d5ff303a-4de2-4418-b953-81da567611fb,"[{""quantity"": 1, ""unitPrice"": 90000, ""totalPrice"": 90000, ""productName"": ""Saldo histórico libreta""}]",275000.00,0.00,100000.00,pendiente_pago,credito,a0000000-0000-0000-0000-000000000001,,"2026-06-18 13:26:38.121+00",,,"Importado de libreta. 2 camisetas nacional Icono, conjunto nacional, conjunto Real Madrid","2026-06-18 13:26:39.502108+00","2026-06-24 21:25:08.615+00",,,,
73dfc95d-f096-45ae-98f9-a82024233b35,HIST-60039221,60039221-2bd1-4f56-bc51-a5d227822174,"[{""quantity"": 1, ""unitPrice"": 284000, ""totalPrice"": 284000, ""productName"": ""Saldo histórico libreta""}]",385000.00,0.00,0.00,pendiente_pago,credito,a0000000-0000-0000-0000-000000000001,,"2026-06-18 13:26:38.121+00",,,"Importado de libreta. Vestido rojo, jean negro t36, jean del t34, camiseta polo blanca, camisón polo, jean strech t10, jean americano t10, jean gus t34, camisón negro","2026-06-18 13:26:39.307435+00","2026-06-22 02:53:48.286123+00",,,,
23b4c3bc-42b0-4565-94c7-1c8dcf020813,HIST-A8A5D484,a8a5d484-f8ab-4340-a44f-1f6f91b09a43,"[{""quantity"": 1, ""unitPrice"": 61000, ""totalPrice"": 61000, ""productName"": ""Saldo histórico libreta""}]",185000.00,0.00,0.00,pendiente_pago,credito,a0000000-0000-0000-0000-000000000001,,"2026-06-18 13:26:38.121+00",,,"Importado de libreta. Productos no legibles claramente en la imagen","2026-06-18 13:26:39.307435+00","2026-06-22 02:53:50.803047+00",,,,
763876f5-8d83-4fbd-978b-1f61ca441a66,JAS-021,73f4b787-fd14-4e2d-95b0-3f403b8c79fa,"[{""id"": ""item_0"", ""size"": ""34"", ""color"": ""gris"", ""category"": ""otro"", ""quantity"": 1, ""costPrice"": 60000, ""productId"": """", ""salePrice"": 80000, ""supplierId"": ""a838a9f9-888f-45a1-8ca3-3eebc5caeaea"", ""productName"": ""pantalon joguer  cargo""}]",80000.00,60000.00,80000.00,pagado,fiado,a0000000-0000-0000-0000-000000000002,,"2026-06-23 00:00:00+00",,"2026-06-23 12:38:41.295+00","","2026-06-23 02:49:12.065+00","2026-06-24 21:49:05.698+00",,,,
1bf2d756-3050-4dab-b1b8-e2ab988d4943,JAS-053,5d2d4472-9b3e-42b4-8b25-5e15671fedd3,"[{""id"": ""item_0"", ""size"": ""M"", ""color"": ""amarilla"", ""category"": ""otro"", ""quantity"": 1, ""costPrice"": 50000, ""productId"": """", ""salePrice"": 75000, ""supplierId"": ""d31c09ad-95b9-42d7-8d70-6a0bd78fce9f"", ""productName"": ""camiseta colombia mujer ""}]",75000.00,50000.00,0.00,pendiente_pago,fiado,a0000000-0000-0000-0000-000000000002,a0000000-0000-0000-0000-000000000003,"2026-06-24 00:00:00+00",,"2026-06-24 04:56:01.03+00","","2026-06-24 03:44:56.903+00","2026-06-24 12:13:39.947+00",,,,
2b7c030f-016a-48f8-ac48-09e4fb533fde,HIST-59BF4742,59bf4742-582e-4fbe-a789-bcace4ae8c67,"[{""quantity"": 1, ""unitPrice"": 17000, ""totalPrice"": 17000, ""productName"": ""Saldo histórico libreta""}]",30000.00,0.00,0.00,pendiente_pago,credito,a0000000-0000-0000-0000-000000000001,,"2026-06-18 13:26:38.121+00",,,"Importado de libreta. Camiseta nacional, conjunto talla M camel, corset negro copas, conjunto blanco chaleco, maya body bandeja, conjunto gris deportivo SM","2026-06-18 13:26:39.502108+00","2026-06-22 02:53:53.982647+00",,,,
2f7392fa-2eea-4f2b-b8cc-37f9613b5d3c,HIST-525BB261,525bb261-5a61-4915-a0a1-85237c7eb802,"[{""quantity"": 1, ""unitPrice"": 40000, ""totalPrice"": 40000, ""productName"": ""Saldo histórico libreta""}]",150000.00,0.00,0.00,pendiente_pago,credito,a0000000-0000-0000-0000-000000000001,,"2026-06-18 13:26:38.121+00",,,"Importado de libreta. 2 jean stroh talla short licado t14, chaqueta negra, jean mujer, jean mujer, 2 short corto t12","2026-06-18 13:26:39.307435+00","2026-06-22 02:53:55.885847+00",,,,
1f80c09a-31a6-4a54-9c7f-c4ab857583f8,HIST-6FB89CA8,6fb89ca8-3401-4a4e-accf-b3095c3383bf,"[{""quantity"": 1, ""unitPrice"": 52000, ""totalPrice"": 52000, ""productName"": ""Saldo histórico libreta""}]",287000.00,0.00,0.00,pendiente_pago,credito,a0000000-0000-0000-0000-000000000001,,"2026-06-18 13:26:38.121+00",,,"Importado de libreta. Camisetas trío tela fría verde, conjunto rojo ángeles","2026-06-18 13:26:39.307435+00","2026-06-22 02:53:56.206565+00",,,,
b5a5d6c0-ff5a-49f7-89dc-f1817bb9c26f,HIST-3140BBAC,3140bbac-07e1-4376-8a4a-cacd1707d18d,"[{""quantity"": 1, ""unitPrice"": 30000, ""totalPrice"": 30000, ""productName"": ""Saldo histórico libreta""}]",43000.00,0.00,43000.00,pagado,credito,a0000000-0000-0000-0000-000000000001,,"2026-06-18 13:26:38.121+00",,,"Importado de libreta. Camiseta oversize x3, jean oversize t34, jean oversize manchas","2026-06-18 13:26:39.307435+00","2026-06-24 21:52:09.636+00",,,,
3c6e2683-462b-46f7-aaef-d7dfb5f9fd2d,JAS-049,b6064dae-5e6d-4ced-be72-edc34b8de1ca,"[{""id"": ""item_0"", ""size"": ""M"", ""color"": ""azul"", ""category"": ""otro"", ""quantity"": 1, ""costPrice"": 50000, ""productId"": """", ""salePrice"": 80000, ""supplierId"": ""d31c09ad-95b9-42d7-8d70-6a0bd78fce9f"", ""productName"": ""camiseta argentina""}]",80000.00,50000.00,0.00,pendiente_pago,fiado,a0000000-0000-0000-0000-000000000002,a0000000-0000-0000-0000-000000000003,"2026-06-24 00:00:00+00",,"2026-06-24 04:55:39.678+00","","2026-06-24 03:27:26.921+00","2026-06-24 12:14:05.157+00",,,,
56031fc8-fa33-4c04-85f5-e3a79baaa98f,JAS-014,2c39e07a-4932-4a72-8fcd-0041e6192fc1,"[{""id"": ""item_0"", ""size"": ""L"", ""color"": ""amarilla"", ""category"": ""otro"", ""quantity"": 1, ""costPrice"": 50000, ""productId"": """", ""salePrice"": 75000, ""supplierId"": ""d31c09ad-95b9-42d7-8d70-6a0bd78fce9f"", ""productName"": ""camiseta colombia hombre""}]",75000.00,50000.00,75000.00,pagado,fiado,a0000000-0000-0000-0000-000000000002,a0000000-0000-0000-0000-000000000003,"2026-06-06 00:00:00+00",,"2026-06-23 12:37:18.064+00","","2026-06-23 01:35:42.897+00","2026-06-24 05:15:59.546+00",,,,
c08819f8-2ce4-43d6-ab5f-0461edaaf635,JAS-038,7c845dd3-e45b-4ef7-b4b2-45db8c708f94,"[{""id"": ""item_0"", ""size"": ""M"", ""color"": ""Azul"", ""category"": ""otro"", ""quantity"": 1, ""costPrice"": 65000, ""productId"": """", ""salePrice"": 70000, ""productName"": ""Camiseta Colombia mujer""}]",70000.00,65000.00,0.00,pendiente_pago,fiado,a0000000-0000-0000-0000-000000000003,a0000000-0000-0000-0000-000000000003,"2026-06-23 00:00:00+00","2026-06-24 00:00:00+00","2026-06-23 23:33:00.837+00","","2026-06-23 20:52:11.842+00","2026-06-24 04:14:01.049+00",,,,
42c57346-1100-4e3f-9751-9a59b3c763b8,HIST-7E633577,7e633577-c7c4-43c7-b1e2-a9c493586ef3,[],60000.00,0.00,30000.00,pendiente_pago,credito,a0000000-0000-0000-0000-000000000001,,"2026-06-22 03:46:51.977531+00",,,,"2026-06-22 03:46:51.977531+00","2026-06-24 05:11:58.275+00",,,,
98486d0d-68f1-47ab-b07b-f6a9688c6184,HIST-0F65987D,0f65987d-8ab2-46ac-8a67-614e8558b504,"[{""quantity"": 1, ""unitPrice"": 136000, ""totalPrice"": 136000, ""productName"": ""Saldo histórico libreta""}]",153000.00,0.00,0.00,pendiente_pago,credito,a0000000-0000-0000-0000-000000000001,,"2026-06-18 13:26:38.121+00",,,"Importado de libreta. Buso tejido, Jean negro talla 12, Conjunto en rib negro 72k, Jean azul talla 12 100k, Buso blanco 82k, Conjunto café 98k, Conjunto gris 86k, Chaqueta manga corta 110k; múltiples abonos 2025-2026","2026-06-18 13:26:38.711877+00","2026-06-22 02:53:38.387322+00",,,,
47f24e6e-e2a7-4911-9c66-529ca8a0c12a,HIST-F4D0809B,f4d0809b-838f-45df-b809-9a5386877161,"[{""quantity"": 1, ""unitPrice"": 25000, ""totalPrice"": 25000, ""productName"": ""Saldo histórico libreta""}]",105000.00,0.00,0.00,pendiente_pago,credito,a0000000-0000-0000-0000-000000000001,,"2026-06-18 13:26:38.121+00",,,"Importado de libreta. Tino top lino buso azul, chaqueta de vino tinto talla M, jean negro talla M, jean negro talla ?, jean azul cargo, conjunto alo negro, conjunto short negrojose","2026-06-18 13:26:38.909261+00","2026-06-22 02:53:42.221624+00",,,,
c728bae5-0945-4dd2-b778-571909ec971a,HIST-EDF57398,edf57398-bdc7-42f6-8ab3-2640a541b238,"[{""quantity"": 1, ""unitPrice"": 256000, ""totalPrice"": 256000, ""productName"": ""Saldo histórico libreta""}]",155000.00,0.00,0.00,pendiente_pago,credito,a0000000-0000-0000-0000-000000000001,,"2026-06-18 13:26:38.121+00",,,"Importado de libreta. Conjunto boy bardos chuleco partiden, jean cargo letres, polo azul, camisa roja tires, 2 camisas tipo polo 2xl, jean de hombre 40, conjunto blanco ME, enfuros rojo 1xl, conjunto negro 1xl, chaleco conjunto negro, 3 camisas Colombia","2026-06-18 13:26:38.909261+00","2026-06-22 02:53:46.018659+00",,,,
a22335ca-8390-4922-bb1d-c05bcaa41227,HIST-B8CD8693,b8cd8693-e3b7-4ad8-9f5b-fe681fce522b,"[{""quantity"": 1, ""unitPrice"": 166000, ""totalPrice"": 166000, ""productName"": ""Saldo histórico libreta""}]",78000.00,0.00,0.00,pendiente_pago,credito,a0000000-0000-0000-0000-000000000001,,"2026-06-18 13:26:38.121+00",,,"Importado de libreta. Body negro, jean negro claro bajo, M roja camisa tipo polo, conjunto gris, 2 bodies azul negro","2026-06-18 13:26:39.108125+00","2026-06-22 02:53:49.534308+00",,,,
6292afe0-15de-4f62-8ea9-6c2a6b344781,JAS-015,0168c10e-4521-4af8-b276-3fd32cd08d0f,"[{""id"": ""item_0"", ""size"": ""L"", ""color"": ""azul"", ""category"": ""otro"", ""quantity"": 1, ""costPrice"": 50000, ""productId"": """", ""salePrice"": 80000, ""supplierId"": ""d31c09ad-95b9-42d7-8d70-6a0bd78fce9f"", ""productName"": ""camiseta argentina hombre""}]",80000.00,50000.00,0.00,pendiente_pago,fiado,a0000000-0000-0000-0000-000000000002,a0000000-0000-0000-0000-000000000003,"2026-06-23 00:00:00+00",,"2026-06-23 12:37:45.407+00","","2026-06-23 01:52:16.386+00","2026-06-23 14:02:22.437+00",,,,
b1b67797-387d-4240-8578-d832c6ff8f80,HIST-1A354384,f9968c52-e1b0-4c6d-9af0-f0e1208edada,"[{""quantity"": 1, ""unitPrice"": 344000, ""totalPrice"": 344000, ""productName"": ""Saldo historico libreta""}]",344000.00,0.00,80000.00,pendiente_pago,credito,a0000000-0000-0000-0000-000000000001,,"2026-06-18 13:26:38.121+00",,,"Importado de libreta.","2026-06-22 02:57:50.983815+00","2026-06-24 21:52:04.574+00",,,,
48aa2652-4c32-4342-99fd-8963218ed0db,HIST-1A354383,4584434c-8aa8-460a-a7ec-623eaaf8f1ea,"[{""quantity"": 1, ""unitPrice"": 75000, ""totalPrice"": 75000, ""productName"": ""Saldo historico libreta""}]",75000.00,0.00,0.00,pendiente_pago,credito,a0000000-0000-0000-0000-000000000001,,"2026-06-18 13:26:38.121+00",,,"Importado de libreta.","2026-06-22 02:57:50.983815+00","2026-06-22 02:57:50.983815+00",,,,
eac6875c-fd66-4ed8-bba9-9d2340223142,HIST-1A354385,7b6ca4d9-87fe-4263-979b-0293cfa73a9d,"[{""quantity"": 1, ""unitPrice"": 148000, ""totalPrice"": 148000, ""productName"": ""Saldo historico libreta""}]",148000.00,0.00,0.00,pendiente_pago,credito,a0000000-0000-0000-0000-000000000001,,"2026-06-18 13:26:38.121+00",,,"Importado de libreta.","2026-06-22 02:57:50.983815+00","2026-06-22 02:57:50.983815+00",,,,
a789ee56-3a29-43e1-8618-715deae5ca03,HIST-F259F926,0168c10e-4521-4af8-b276-3fd32cd08d0f,"[{""quantity"": 1, ""unitPrice"": 110000, ""totalPrice"": 110000, ""productName"": ""Saldo historico libreta""}]",110000.00,0.00,0.00,pendiente_pago,credito,a0000000-0000-0000-0000-000000000001,,"2026-06-18 13:26:38.121+00",,,"Importado de libreta.","2026-06-22 02:57:50.983815+00","2026-06-22 02:57:50.983815+00",,,,
e2a69f53-a98a-45c2-9838-9474a624415e,JAS-002,0168c10e-4521-4af8-b276-3fd32cd08d0f,"[{""id"": ""item_0"", ""size"": ""XL"", ""color"": ""Amarilla"", ""category"": ""otro"", ""quantity"": 1, ""costPrice"": 55000, ""productId"": """", ""salePrice"": 80000, ""supplierId"": ""d31c09ad-95b9-42d7-8d70-6a0bd78fce9f"", ""productName"": ""Camiseta Colombia mujer ""}]",80000.00,55000.00,0.00,pendiente_pago,fiado,a0000000-0000-0000-0000-000000000003,a0000000-0000-0000-0000-000000000003,"2026-06-20 00:00:00+00","2026-06-23 00:00:00+00","2026-06-22 04:29:43.785+00","","2026-06-22 04:28:27.892+00","2026-06-22 04:42:13.271+00",d31c09ad-95b9-42d7-8d70-6a0bd78fce9f,pagado,55000,efectivo
7d2e54ce-b666-4f4d-9b4c-3912093c8036,HIST-ELCY0001,76daa8f8-35a3-4ebd-b0af-62369504501f,"[{""quantity"": 1, ""unitPrice"": 110000, ""totalPrice"": 110000, ""productName"": ""Saldo historico libreta""}]",110000.00,0.00,50000.00,pendiente_pago,credito,a0000000-0000-0000-0000-000000000001,,"2026-06-18 13:26:38.121+00",,,"Importado de libreta.","2026-06-22 02:57:50.983815+00","2026-06-24 05:27:55.36+00",,,,
2d46856e-50a0-4e04-b53f-b4a1374e0266,HIST-C05FA0C1,4248fe8e-01a3-4d3c-9e41-be97475f99f2,"[{""quantity"": 1, ""unitPrice"": 80000, ""totalPrice"": 80000, ""productName"": ""Saldo historico libreta""}]",80000.00,0.00,80000.00,pagado,credito,a0000000-0000-0000-0000-000000000001,,"2026-06-18 13:26:38.121+00",,,"Importado de libreta.","2026-06-22 02:56:34.167448+00","2026-06-24 21:03:25.982+00",,,,
7025af75-1096-488a-8e6d-dac7d4b24ffb,HIST-07D26AD6,07d26ad6-2645-4897-949f-a1d43ddc57f0,"[{""quantity"": 1, ""unitPrice"": 95000, ""totalPrice"": 95000, ""productName"": ""Saldo histórico libreta""}]",438000.00,0.00,50000.00,pendiente_pago,credito,a0000000-0000-0000-0000-000000000001,,"2026-06-18 13:26:38.121+00",,,"Importado de libreta. Jean bagui letras desgaste","2026-06-18 13:26:39.307435+00","2026-06-24 21:24:55.097+00",,,,
cd164d41-d8f5-4d4c-898e-b1cbc89c95a6,HIST-6C30208E,6c30208e-4a5f-4d35-b509-6dea31696056,[],100000.00,0.00,100000.00,pagado,credito,a0000000-0000-0000-0000-000000000001,,"2026-06-22 03:43:44.474324+00",,,,"2026-06-22 03:43:44.474324+00","2026-06-24 21:31:44.844+00",,,,
255281cc-9a81-46df-863c-cfd5cf90c551,JAS-022,6c30208e-4a5f-4d35-b509-6dea31696056,"[{""id"": ""item_0"", ""size"": ""2XL"", ""color"": ""beig"", ""category"": ""otro"", ""quantity"": 1, ""costPrice"": 70000, ""productId"": """", ""salePrice"": 90000, ""supplierId"": ""81d95c79-2aa5-4972-bbd1-2deee6c71a00"", ""productName"": ""camibuso""}, {""id"": ""item_1"", ""size"": ""2XL"", ""color"": ""cafe"", ""category"": ""otro"", ""quantity"": 1, ""costPrice"": 70000, ""productId"": """", ""salePrice"": 90000, ""supplierId"": ""81d95c79-2aa5-4972-bbd1-2deee6c71a00"", ""productName"": ""camibuso""}, {""id"": ""item_2"", ""size"": ""2XL"", ""color"": ""negra"", ""category"": ""otro"", ""quantity"": 1, ""costPrice"": 45000, ""productId"": """", ""salePrice"": 65000, ""supplierId"": ""81d95c79-2aa5-4972-bbd1-2deee6c71a00"", ""productName"": ""camiseta  hugo boss""}]",245000.00,185000.00,30000.00,pendiente_pago,fiado,a0000000-0000-0000-0000-000000000003,,"2026-06-23 00:00:00+00",,"2026-06-23 12:38:46.615+00","","2026-06-23 02:57:40.694+00","2026-06-24 21:31:44.844+00",,,,
d9ea7008-924e-4429-a7c3-ce1e0a0c5106,JAS-042,4383229f-4abd-4173-b5e3-7e35c569bb94,"[{""id"": ""item_0"", ""size"": ""M"", ""color"": ""amarilla"", ""category"": ""otro"", ""quantity"": 1, ""costPrice"": 45000, ""productId"": """", ""salePrice"": 75000, ""supplierId"": ""d31c09ad-95b9-42d7-8d70-6a0bd78fce9f"", ""productName"": ""camiseta colombia mujer""}, {""id"": ""item_1"", ""size"": ""L"", ""color"": ""amarilla"", ""category"": ""otro"", ""quantity"": 1, ""costPrice"": 45000, ""productId"": """", ""salePrice"": 75000, ""supplierId"": ""d31c09ad-95b9-42d7-8d70-6a0bd78fce9f"", ""productName"": ""camiseta colombia hombre""}]",150000.00,90000.00,0.00,pendiente_pago,fiado,a0000000-0000-0000-0000-000000000002,a0000000-0000-0000-0000-000000000003,"2026-06-24 00:00:00+00",,"2026-06-24 04:55:02.388+00","","2026-06-24 02:54:38.289+00","2026-06-24 12:14:32.28+00",,,,
901e7411-3ae4-4701-b9e4-c76e1998bd0d,JAS-051,53e844a4-d03e-4730-8dec-109bc096bb97,"[{""id"": ""item_0"", ""size"": ""2XL"", ""color"": ""azul"", ""category"": ""otro"", ""quantity"": 1, ""costPrice"": 50000, ""productId"": """", ""salePrice"": 75000, ""supplierId"": ""d31c09ad-95b9-42d7-8d70-6a0bd78fce9f"", ""productName"": ""camiseta colombia hombre ""}]",75000.00,50000.00,75000.00,pagado,fiado,a0000000-0000-0000-0000-000000000002,a0000000-0000-0000-0000-000000000003,"2026-06-24 00:00:00+00",,"2026-06-24 04:55:53.446+00","","2026-06-24 03:34:55.042+00","2026-06-24 21:25:22.536+00",,,,
86b596ad-6e88-4544-adf3-e34b0076536f,JAS-029,dddc2192-2407-4abb-aed7-2ac5a0256fd5,"[{""id"": ""item_0"", ""size"": ""UNICA"", ""color"": ""multicolor"", ""category"": ""otro"", ""imageUrl"": ""https://ypbshbnixkpynmpefqjd.supabase.co/storage/v1/object/public/pedidos/1782186748161-x7gj1q6mvi.jpg"", ""quantity"": 1, ""costPrice"": 54000, ""productId"": """", ""salePrice"": 69000, ""supplierId"": ""985ca746-9674-4ddb-827f-c0d35a1731f3"", ""productName"": ""bluson colombia""}]",69000.00,54000.00,0.00,pendiente_pago,fiado,a0000000-0000-0000-0000-000000000002,a0000000-0000-0000-0000-000000000003,"2026-06-23 00:00:00+00",,,"","2026-06-23 03:53:41.403+00","2026-06-24 04:14:55.109+00",,,,
d2844447-49fa-49dd-b7ef-b0eb11e81ec5,JAS-028,dddc2192-2407-4abb-aed7-2ac5a0256fd5,"[{""id"": ""item_0"", ""size"": ""PLUS"", ""color"": ""vinotinto"", ""category"": ""otro"", ""quantity"": 1, ""costPrice"": 30000, ""productId"": """", ""salePrice"": 45000, ""supplierId"": ""a15ecc15-bbfb-4ff5-9f82-9ee98f62cf3e"", ""productName"": ""body manga larga cuello""}, {""id"": ""item_1"", ""size"": ""PLUS"", ""color"": ""rojo"", ""category"": ""otro"", ""quantity"": 1, ""costPrice"": 30000, ""productId"": """", ""salePrice"": 45000, ""supplierId"": ""a15ecc15-bbfb-4ff5-9f82-9ee98f62cf3e"", ""productName"": ""body manga larga""}, {""id"": ""item_2"", ""size"": ""PLUS"", ""color"": ""negro"", ""category"": ""otro"", ""quantity"": 1, ""costPrice"": 30000, ""productId"": """", ""salePrice"": 45000, ""supplierId"": ""a15ecc15-bbfb-4ff5-9f82-9ee98f62cf3e"", ""productName"": ""body manga larga""}]",135000.00,90000.00,0.00,pendiente_pago,fiado,a0000000-0000-0000-0000-000000000002,a0000000-0000-0000-0000-000000000003,"2026-06-23 00:00:00+00",,,"","2026-06-23 03:48:18.819+00","2026-06-24 04:14:59.203+00",,,,
b47f9bbe-90b1-4016-ab32-bea091c3a7ab,JAS-004,7c845dd3-e45b-4ef7-b4b2-45db8c708f94,"[{""id"": ""item_0"", ""size"": ""M"", ""color"": ""Amarilla"", ""category"": ""otro"", ""quantity"": 1, ""costPrice"": 55000, ""productId"": """", ""salePrice"": 65000, ""supplierId"": ""d31c09ad-95b9-42d7-8d70-6a0bd78fce9f"", ""productName"": ""Camiseta Colombia  de  hombre ""}, {""id"": ""item_1"", ""size"": ""S"", ""color"": ""Amarilla"", ""category"": ""otro"", ""quantity"": 1, ""costPrice"": 55000, ""productId"": """", ""salePrice"": 65000, ""supplierId"": ""d31c09ad-95b9-42d7-8d70-6a0bd78fce9f"", ""productName"": ""Camiseta de colombia mujer""}]",130000.00,110000.00,0.00,pendiente_pago,transferencia,a0000000-0000-0000-0000-000000000003,a0000000-0000-0000-0000-000000000003,"2026-06-21 00:00:00+00","2026-06-23 00:00:00+00","2026-06-23 23:33:54.022+00","La camiseta de colombia de jumer comprarla a un precio máximo de 70 mil","2026-06-22 05:19:02.155+00","2026-06-24 04:15:07.269+00",d31c09ad-95b9-42d7-8d70-6a0bd78fce9f,pendiente,0,efectivo
b50ad2d0-9cbc-486c-9f2e-281ffd9f25bd,JAS-046,6c30208e-4a5f-4d35-b509-6dea31696056,"[{""id"": ""item_0"", ""size"": ""2XL"", ""color"": ""negra"", ""category"": ""otro"", ""quantity"": 1, ""costPrice"": 50000, ""productId"": """", ""salePrice"": 80000, ""supplierId"": ""d31c09ad-95b9-42d7-8d70-6a0bd78fce9f"", ""productName"": ""camiseta portugal""}]",80000.00,50000.00,0.00,pendiente_pago,fiado,a0000000-0000-0000-0000-000000000002,a0000000-0000-0000-0000-000000000003,"2026-06-24 00:00:00+00",,"2026-06-24 04:55:15.275+00","","2026-06-24 03:17:42.806+00","2026-06-24 12:14:16.537+00",,,,
7722d49c-a2e2-4d99-b624-c041a09e20f3,JAS-045,4aeb0d28-7bd9-4afe-b37a-5cd5cf4b45e8,"[{""id"": ""item_0"", ""size"": ""M"", ""color"": ""amarilla"", ""category"": ""otro"", ""quantity"": 1, ""costPrice"": 50000, ""productId"": """", ""salePrice"": 75000, ""supplierId"": ""d31c09ad-95b9-42d7-8d70-6a0bd78fce9f"", ""productName"": ""camiseta colombia mujer""}]",75000.00,50000.00,0.00,pendiente_pago,fiado,a0000000-0000-0000-0000-000000000003,a0000000-0000-0000-0000-000000000003,"2026-06-24 00:00:00+00",,"2026-06-24 04:55:12.221+00","","2026-06-24 03:09:27.717+00","2026-06-24 12:14:19.223+00",,,,
d2c0dc21-be54-45bf-a3cc-b21b8ade3e8c,JAS-060,ad6f051c-d31a-4d14-952b-c89f07b57369,"[{""id"": ""item_0"", ""size"": ""N/A"", ""color"": ""250"", ""category"": ""otro"", ""quantity"": 1, ""costPrice"": 8000, ""productId"": """", ""salePrice"": 12000, ""supplierId"": ""b4f4e118-abc5-44ab-9f6f-e57c2245e8a3"", ""productName"": ""Hielo mineral""}]",12000.00,8000.00,0.00,pendiente_pago,fiado,a0000000-0000-0000-0000-000000000003,a0000000-0000-0000-0000-000000000003,"2026-06-24 00:00:00+00","2026-06-24 00:00:00+00",,"","2026-06-24 05:11:06.932+00","2026-06-24 12:13:17.218+00",,,,
32eb2d55-6ea1-4b85-af4a-4b5832e7d6bb,JAS-027,2008d9d7-e37c-49ae-bfb7-b0850cb8c141,"[{""id"": ""item_0"", ""size"": ""UNICA"", ""color"": ""rosado"", ""category"": ""otro"", ""quantity"": 1, ""costPrice"": 30000, ""productId"": """", ""salePrice"": 45000, ""supplierId"": ""a15ecc15-bbfb-4ff5-9f82-9ee98f62cf3e"", ""productName"": ""basica nike""}, {""id"": ""item_1"", ""size"": ""UNICA"", ""color"": ""blanca"", ""category"": ""otro"", ""quantity"": 1, ""costPrice"": 30000, ""productId"": """", ""salePrice"": 45000, ""supplierId"": ""a15ecc15-bbfb-4ff5-9f82-9ee98f62cf3e"", ""productName"": ""basica nike""}]",90000.00,60000.00,90000.00,pagado,fiado,a0000000-0000-0000-0000-000000000002,a0000000-0000-0000-0000-000000000002,"2026-06-23 00:00:00+00",,"2026-06-23 12:39:05.381+00","","2026-06-23 03:22:49.323+00","2026-06-24 22:01:26.205+00",,,,
772303b3-1a6f-49c8-9836-3eef5883ba91,JAS-059,dcba235d-fa0a-4695-b52e-202a99ad7bbf,"[{""id"": ""item_0"", ""size"": ""M"", ""color"": ""verde"", ""category"": ""otro"", ""quantity"": 1, ""costPrice"": 45000, ""productId"": """", ""salePrice"": 55000, ""supplierId"": ""d31c09ad-95b9-42d7-8d70-6a0bd78fce9f"", ""productName"": ""camiseta nacional mujer""}, {""id"": ""item_1"", ""size"": ""L"", ""color"": ""verde"", ""category"": ""otro"", ""quantity"": 1, ""costPrice"": 45000, ""productId"": """", ""salePrice"": 55000, ""supplierId"": ""d31c09ad-95b9-42d7-8d70-6a0bd78fce9f"", ""productName"": ""camiseta nacional hombre""}]",110000.00,90000.00,90000.00,pendiente_pago,fiado,a0000000-0000-0000-0000-000000000002,a0000000-0000-0000-0000-000000000003,"2026-06-24 00:00:00+00",,"2026-06-24 04:57:38.856+00","","2026-06-24 04:28:47.264+00","2026-06-24 12:13:22.803+00",,,,
6bd2e68d-d115-462a-97e9-b8e050967aa2,JAS-034,e130b62b-fd86-45cd-909e-4eabf15e9d19,"[{""id"": ""item_0"", ""size"": ""34"", ""color"": ""cafe"", ""category"": ""otro"", ""quantity"": 1, ""costPrice"": 60000, ""productId"": """", ""salePrice"": 80000, ""supplierId"": ""a838a9f9-888f-45a1-8ca3-3eebc5caeaea"", ""productName"": ""pantalon recto""}, {""id"": ""item_1"", ""size"": ""34"", ""color"": ""beig"", ""category"": ""otro"", ""quantity"": 1, ""costPrice"": 60000, ""productId"": """", ""salePrice"": 80000, ""supplierId"": ""a838a9f9-888f-45a1-8ca3-3eebc5caeaea"", ""productName"": ""pantalon recto""}]",160000.00,120000.00,70000.00,pendiente_pago,fiado,a0000000-0000-0000-0000-000000000002,a0000000-0000-0000-0000-000000000002,"2026-06-23 00:00:00+00",,"2026-06-23 12:39:32.698+00","","2026-06-23 04:33:12.116+00","2026-06-24 21:25:03.918+00",,,,
4c591f14-7898-402d-a0ae-76fc4f0a9c32,JAS-061,0ac3a627-8c05-401c-b618-a25cfbeedb65,"[{""id"": ""item_0"", ""size"": ""NO APLICA"", ""color"": ""no aplica"", ""category"": ""otro"", ""quantity"": 1, ""costPrice"": 90000, ""productId"": """", ""salePrice"": 120000, ""supplierId"": ""42970a3c-ec8a-47df-ab68-ca3a58660574"", ""productName"": ""locion kharmhar""}]",120000.00,90000.00,120000.00,pagado,fiado,a0000000-0000-0000-0000-000000000002,a0000000-0000-0000-0000-000000000003,"2026-06-24 00:00:00+00",,,"","2026-06-24 05:36:55.469+00","2026-06-25 02:30:20.281+00",,,,
354939d5-d2a7-40f9-8823-ad1d4679a88e,JAS-063,3a10746f-4cab-457c-9f4f-998d10a9d440,"[{""id"": ""item_0"", ""size"": ""L"", ""color"": ""Blanca"", ""category"": ""otro"", ""imageUrl"": ""https://ypbshbnixkpynmpefqjd.supabase.co/storage/v1/object/public/pedidos/1782313763107-sbjzah4x2kj.jpg"", ""quantity"": 1, ""costPrice"": 58000, ""productId"": """", ""salePrice"": 75000, ""supplierId"": ""385fda1d-4857-47ce-9a7e-27f3cf942633"", ""productName"": ""Camiseta tipo Overside 1.1 320 gr algodon""}, {""id"": ""item_1"", ""size"": ""32"", ""color"": ""Negra"", ""category"": ""otro"", ""imageUrl"": ""https://ypbshbnixkpynmpefqjd.supabase.co/storage/v1/object/public/pedidos/1782314100111-3mqqv7bqgeo.jpg"", ""quantity"": 1, ""costPrice"": 60000, ""productId"": """", ""salePrice"": 80000, ""supplierId"": ""385fda1d-4857-47ce-9a7e-27f3cf942633"", ""productName"": ""Bermuda strech""}]",155000.00,118000.00,0.00,por_recoger,fiado,a0000000-0000-0000-0000-000000000003,a0000000-0000-0000-0000-000000000003,"2026-06-24 00:00:00+00","2026-06-29 00:00:00+00",,"","2026-06-24 15:11:45.487+00","2026-06-24 15:15:08.552+00",,,,
16b4b07b-9076-4f2f-9487-2997d18e02e5,JAS-064,0c19dd46-23cf-41c6-958e-843ff97b6e16,"[{""id"": ""item_0"", ""size"": ""XL"", ""color"": ""Amarilla"", ""category"": ""otro"", ""quantity"": 2, ""costPrice"": 65000, ""productId"": """", ""salePrice"": 68000, ""supplierId"": ""d31c09ad-95b9-42d7-8d70-6a0bd78fce9f"", ""productName"": ""Camiseta Colombia dama""}, {""id"": ""item_1"", ""size"": ""L"", ""color"": ""Amarilla"", ""category"": ""otro"", ""quantity"": 1, ""costPrice"": 50000, ""productId"": """", ""salePrice"": 68000, ""supplierId"": ""d31c09ad-95b9-42d7-8d70-6a0bd78fce9f"", ""productName"": ""Camiseta Colombia hombre""}]",204000.00,180000.00,0.00,por_recoger,fiado,a0000000-0000-0000-0000-000000000003,a0000000-0000-0000-0000-000000000003,"2026-06-24 00:00:00+00",,,"","2026-06-24 16:00:42.611+00","2026-06-24 16:00:42.611+00",,,,
b5d6635d-292f-46a8-8d7b-df2934185061,JAS-019,4248fe8e-01a3-4d3c-9e41-be97475f99f2,"[{""id"": ""item_0"", ""size"": ""2XL"", ""color"": ""amarilla"", ""category"": ""otro"", ""quantity"": 1, ""costPrice"": 50000, ""productId"": """", ""salePrice"": 75000, ""supplierId"": ""d31c09ad-95b9-42d7-8d70-6a0bd78fce9f"", ""productName"": ""camiseta colombia ""}, {""id"": ""item_1"", ""size"": ""2XL"", ""color"": ""amarilla"", ""category"": ""otro"", ""quantity"": 1, ""costPrice"": 50000, ""productId"": """", ""salePrice"": 75000, ""supplierId"": ""d31c09ad-95b9-42d7-8d70-6a0bd78fce9f"", ""productName"": ""camiseta colombia""}, {""id"": ""item_2"", ""size"": ""L"", ""color"": ""amarilla"", ""category"": ""otro"", ""quantity"": 1, ""costPrice"": 50000, ""productId"": """", ""salePrice"": 75000, ""supplierId"": ""d31c09ad-95b9-42d7-8d70-6a0bd78fce9f"", ""productName"": ""camiseta colombia""}]",225000.00,150000.00,20000.00,pendiente_pago,fiado,a0000000-0000-0000-0000-000000000002,,"2026-06-23 00:00:00+00",,"2026-06-23 12:38:28.654+00","","2026-06-23 02:23:46.277+00","2026-06-24 21:03:25.982+00",,,,
465a22e3-5df1-4a24-b301-20268d1d2f4d,JAS-066,e7c681df-c00d-496a-ba00-d9aefed2d6fd,"[{""id"": ""item_0"", ""size"": ""10"", ""color"": ""Gris"", ""category"": ""otro"", ""imageUrl"": ""https://ypbshbnixkpynmpefqjd.supabase.co/storage/v1/object/public/pedidos/1782336018964-tgxxeduwopb.jpg"", ""quantity"": 1, ""costPrice"": 80000, ""productId"": """", ""salePrice"": 100000, ""supplierId"": ""385fda1d-4857-47ce-9a7e-27f3cf942633"", ""productName"": ""Overol""}]",100000.00,80000.00,0.00,por_recoger,fiado,a0000000-0000-0000-0000-000000000003,a0000000-0000-0000-0000-000000000003,"2026-06-24 00:00:00+00","2026-06-29 00:00:00+00",,"","2026-06-24 21:22:09.589+00","2026-06-24 21:22:09.589+00",,,,
346937aa-5494-4b97-925a-be72c8b7b749,JAS-065,fe5d260f-a22c-466d-8806-6120f16a17de,"[{""id"": ""item_0"", ""size"": ""L"", ""color"": ""verde"", ""category"": ""otro"", ""quantity"": 1, ""costPrice"": 60000, ""productId"": """", ""salePrice"": 80000, ""supplierId"": ""d31c09ad-95b9-42d7-8d70-6a0bd78fce9f"", ""productName"": ""camiseta nacional hombre 1.1""}]",80000.00,60000.00,50000.00,pendiente_pago,credito,a0000000-0000-0000-0000-000000000002,a0000000-0000-0000-0000-000000000002,"2026-06-24 00:00:00+00",,,"","2026-06-24 20:40:57.132+00","2026-06-24 21:24:35.545+00",,,,
9c77665c-63ae-48d3-9f3b-c30b0e733d03,JAS-062,07437fbb-1589-4263-911d-80dc09c7f684,"[{""id"": ""item_0"", ""size"": ""2XL"", ""color"": ""blanca"", ""category"": ""otro"", ""quantity"": 1, ""costPrice"": 50000, ""productId"": """", ""salePrice"": 68000, ""supplierId"": ""81d95c79-2aa5-4972-bbd1-2deee6c71a00"", ""productName"": ""camiseta tipo polo""}, {""id"": ""item_1"", ""size"": ""2XL"", ""color"": ""negra"", ""category"": ""otro"", ""quantity"": 1, ""costPrice"": 45000, ""productId"": """", ""salePrice"": 63000, ""supplierId"": ""81d95c79-2aa5-4972-bbd1-2deee6c71a00"", ""productName"": ""camiseta ""}]",131000.00,95000.00,87000.00,pendiente_pago,fiado,a0000000-0000-0000-0000-000000000002,a0000000-0000-0000-0000-000000000003,"2026-06-24 00:00:00+00",,,"","2026-06-24 05:43:01.885+00","2026-06-24 21:49:39.743+00",,,,
98f15293-3c01-4299-8d1c-85f1060d2b08,JAS-041,73f4b787-fd14-4e2d-95b0-3f403b8c79fa,"[{""id"": ""item_0"", ""size"": ""L"", ""color"": ""cafe"", ""category"": ""otro"", ""quantity"": 1, ""costPrice"": 45000, ""productId"": """", ""salePrice"": 63000, ""supplierId"": ""81d95c79-2aa5-4972-bbd1-2deee6c71a00"", ""productName"": ""camiseta""}, {""id"": ""item_1"", ""size"": ""L"", ""color"": ""negra"", ""category"": ""otro"", ""quantity"": 1, ""costPrice"": 45000, ""productId"": """", ""salePrice"": 63000, ""supplierId"": ""81d95c79-2aa5-4972-bbd1-2deee6c71a00"", ""productName"": ""camiseta ""}, {""id"": ""item_2"", ""size"": ""L"", ""color"": ""blanca"", ""category"": ""otro"", ""quantity"": 1, ""costPrice"": 45000, ""productId"": """", ""salePrice"": 63000, ""supplierId"": ""81d95c79-2aa5-4972-bbd1-2deee6c71a00"", ""productName"": ""camiseta""}]",189000.00,135000.00,70000.00,pendiente_pago,fiado,a0000000-0000-0000-0000-000000000002,,"2026-06-24 00:00:00+00",,"2026-06-24 04:54:57.085+00","","2026-06-24 02:36:56.215+00","2026-06-24 21:49:05.698+00",,,,
a217a456-2c18-4ae8-bc4c-bda2a1fe542c,JAS-067,3287a999-d5e9-42f3-9a48-e2734828bb55,"[{""id"": ""item_0"", ""size"": ""12"", ""color"": ""azul claro"", ""category"": ""otro"", ""quantity"": 1, ""costPrice"": 50000, ""productId"": """", ""salePrice"": 70000, ""supplierId"": ""385fda1d-4857-47ce-9a7e-27f3cf942633"", ""productName"": ""jean ""}, {""id"": ""item_1"", ""size"": ""12"", ""color"": ""azul"", ""category"": ""otro"", ""quantity"": 1, ""costPrice"": 50000, ""productId"": """", ""salePrice"": 70000, ""supplierId"": ""385fda1d-4857-47ce-9a7e-27f3cf942633"", ""productName"": ""jean desgastes""}, {""id"": ""item_2"", ""size"": ""12"", ""color"": ""gris"", ""category"": ""otro"", ""quantity"": 1, ""costPrice"": 50000, ""productId"": """", ""salePrice"": 70000, ""supplierId"": ""385fda1d-4857-47ce-9a7e-27f3cf942633"", ""productName"": ""jean""}]",210000.00,150000.00,0.00,pendiente_pago,credito,a0000000-0000-0000-0000-000000000002,a0000000-0000-0000-0000-000000000003,"2026-06-24 00:00:00+00",,,"","2026-06-24 22:06:37.583+00","2026-06-24 22:06:37.583+00",,,,
fe8b92bf-fc14-44f5-b0f5-53e81b7de21c,JAS-068,2008d9d7-e37c-49ae-bfb7-b0850cb8c141,"[{""id"": ""item_0"", ""size"": ""XL"", ""color"": ""Amarilla"", ""category"": ""otro"", ""quantity"": 2, ""costPrice"": 50000, ""productId"": """", ""salePrice"": 80000, ""supplierId"": ""d31c09ad-95b9-42d7-8d70-6a0bd78fce9f"", ""productName"": ""Camiseta Colombia hombre""}, {""id"": ""item_1"", ""size"": ""S"", ""color"": ""Negra"", ""category"": ""otro"", ""quantity"": 1, ""costPrice"": 60000, ""productId"": """", ""salePrice"": 85000, ""supplierId"": ""d31c09ad-95b9-42d7-8d70-6a0bd78fce9f"", ""productName"": ""Camiseta Colombia dama ""}, {""id"": ""item_2"", ""size"": ""UNICA"", ""color"": ""Azul a rayas"", ""category"": ""otro"", ""imageUrl"": ""https://ypbshbnixkpynmpefqjd.supabase.co/storage/v1/object/public/pedidos/1782357828902-2pwmqk3yi8s.jpg"", ""quantity"": 1, ""costPrice"": 38000, ""productId"": """", ""salePrice"": 55000, ""supplierId"": ""46637935-115f-4fa0-9567-bc27ea0f4b17"", ""productName"": ""Camiseta básica de  Colombia ""}]",300000.00,198000.00,0.00,por_recoger,fiado,a0000000-0000-0000-0000-000000000003,a0000000-0000-0000-0000-000000000003,"2026-06-24 00:00:00+00","2026-06-27 00:00:00+00",,"","2026-06-25 03:09:53.737+00","2026-06-25 03:28:12.475+00",,,,
101b1ac7-b2d2-4abe-bca1-3897dd415ab1,JAS-069,5b7bfe65-984a-4318-b8de-ede9e44aa300,"[{""id"": ""item_0"", ""size"": ""SM"", ""color"": ""Cafe-verde"", ""category"": ""otro"", ""quantity"": 1, ""costPrice"": 93000, ""productId"": """", ""salePrice"": 133000, ""supplierId"": ""46637935-115f-4fa0-9567-bc27ea0f4b17"", ""productName"": ""Conjuntos""}]",133000.00,93000.00,0.00,pendiente_pago,fiado,a0000000-0000-0000-0000-000000000003,,"2026-06-25 00:00:00+00",,,"","2026-06-25 03:48:32.581+00","2026-06-25 03:48:32.581+00",,,,
5e76f7a9-97bc-44d5-b8fc-401dcbdfa79c,JAS-070,0ac3a627-8c05-401c-b618-a25cfbeedb65,"[{""id"": ""item_0"", ""size"": ""1.1"", ""category"": ""otro"", ""imageUrl"": ""https://ypbshbnixkpynmpefqjd.supabase.co/storage/v1/object/public/pedidos/1782407447390-34pygohrft.jpg"", ""quantity"": 1, ""costPrice"": 85000, ""productId"": """", ""salePrice"": 120000, ""supplierId"": ""42970a3c-ec8a-47df-ab68-ca3a58660574"", ""productName"": ""Locion(give me gourmand) ""}]",120000.00,85000.00,0.00,por_recoger,fiado,a0000000-0000-0000-0000-000000000003,a0000000-0000-0000-0000-000000000003,"2026-06-25 00:00:00+00","2026-06-30 00:00:00+00",,"","2026-06-25 17:12:02.949+00","2026-06-25 17:12:02.949+00",,,,
b3c3c92b-7f2b-4ed3-a090-29e263a393c8,JAS-071,8f82bcfd-30e4-400e-a60c-5b7c53855245,"[{""id"": ""item_0"", ""size"": ""1.1"", ""category"": ""otro"", ""imageUrl"": ""https://ypbshbnixkpynmpefqjd.supabase.co/storage/v1/object/public/pedidos/1782407838481-o3muek6pp6f.jpg"", ""quantity"": 1, ""costPrice"": 75000, ""productId"": """", ""salePrice"": 120000, ""supplierId"": ""42970a3c-ec8a-47df-ab68-ca3a58660574"", ""productName"": ""Locion(hawas for him) ""}]",120000.00,75000.00,0.00,por_recoger,fiado,a0000000-0000-0000-0000-000000000003,a0000000-0000-0000-0000-000000000003,"2026-06-25 00:00:00+00",,,"","2026-06-25 17:18:11.539+00","2026-06-25 17:18:11.539+00",,,,